,Count
a,65580.0
ax,0.0
j@,1746199.0
axt,0.0
A,267912.0
p@l,8245.0
aj,31.0
jIN,133.0
ak,5.0
al,122.0
tj@,23965.0
tj@s,2080.0
bEs,53.0
bE,11345.0
s@,84912.0
Z@,9943.0
lK,22378.0
ZEm,238.0
ne,187101.0
v@r,457605.0
sAp,676.0
strLk,196.0
El,25922.0
G@r,22228.0
fLk,8.0
Ger,124.0
GlAt,10.0
kar,27930.0
kAst,1952.0
kOrf,79.0
kLp,210.0
kwAp,62.0
kwA,120.0
b@,395542.0
mus,225.0
mu,122962.0
z@,540754.0
nir,12211.0
nirs,44.0
ka,42087.0
m@r,38939.0
pOmp,461.0
p}t,1215.0
rep,121.0
rK,22465.0
sxar,313.0
sxOl,29.0
als,0.0
hLt,1851.0
krLk,69.0
sper,331.0
stAl,1761.0
stek,517.0
ste,13398.0
k@r,83721.0
fEl,292.0
alt,0.0
Al,173847.0
tO,6101.0
l@,393640.0
vOrk,275.0
vOr,1660.0
m@x,178.0
am,5580.0
belt,5733.0
beldz,0.0
ben,2896.0
blOk,236.0
bK,52242.0
krLt,396.0
bOr,2661.0
st@x,2435.0
hKt,47104.0
amt,0.0
an,212254.0
ar,9486.0
d@,1576822.0
dIN,31385.0
art,3020.0
plux,556.0
mIN,7467.0
bA,9287.0
k@,342563.0
bAk,3946.0
s@l,5860.0
be,64823.0
n@,266696.0
ho,35588.0
r@,255397.0
lAn,4962.0
lAN,46349.0
lA,9710.0
N@,89688.0
bEr,3377.0
m@,550625.0
d@r,257391.0
stEr,12545.0
v@,267872.0
ta,32180.0
lIN,25573.0
t@,946772.0
ve,7388.0
l@s,75293.0
wart,4975.0
war,284880.0
d@x,96671.0
lINz,124.0
brif,3688.0
bI,40437.0
l@k,181254.0
d@s,1054.0
bIt,246.0
st@r,6682.0
bi,22563.0
dINz,327.0
bIn,2750.0
bla,2859.0
blA,230.0
f@,15068.0
zIN,3181.0
blK,24903.0
blIk,3367.0
blI,321.0
bOt,2860.0
k}r,538.0
str}k,742.0
tyr,30221.0
bu,7372.0
bOn,2541.0
bo,29372.0
bMw,4479.0
bM,860.0
w@,478340.0
wIN,6008.0
bra,1741.0
brAn,2444.0
brA,92.0
bre,4590.0
brK,376.0
brEN,52.0
brE,14527.0
N@r,10671.0
NIN,337.0
pre,7775.0
mi,33473.0
brENst,150.0
bri,1909.0
br}x,2088.0
brL,11968.0
br},113.0
b}l,206.0
dAxt,5377.0
dAx,60278.0
t@x,55061.0
dAxts,0.0
kOn,23324.0
sEn,7517.0
tra,5555.0
tsi,59542.0
en,829732.0
pro,43782.0
sEs,8671.0
strep,401.0
te,103584.0
fElt,1973.0
trE,14463.0
dAk,3588.0
dA,1776.0
del,12340.0
wKs,8703.0
hE,154073.0
b@r,4538.0
hM,93045.0
d@rs,35208.0
f@r,14131.0
Ga,10764.0
rIN,24280.0
de,123874.0
kA,13747.0
pi,21776.0
tal,6547.0
Op,427993.0
si,47404.0
pA,27532.0
kEt,1617.0
pOr,3131.0
fL,424.0
dEN,21610.0
di,360662.0
p@,157985.0
dK,865.0
kIN,10290.0
dI,23067.0
dun,123771.0
du,6645.0
nIN,24287.0
dra,15535.0
G@,450488.0
drAN,284.0
drEn,1.0
drIft,119.0
drKf,4280.0
As,2240.0
kE,17609.0
tIN,12926.0
krAxt,5793.0
sis,16868.0
tem,2650.0
drK,4322.0
vIN,5024.0
drI,2316.0
drL,108.0
dr},3381.0
dL,16247.0
d}r,734.0
dy,7877.0
dwK,2182.0
em,40.0
dri,25697.0
flAn,13.0
eN,1696.0
sxa,7130.0
k@lt,1328.0
slo,6913.0
GrEn,43.0
Gru,461.0
ha,30346.0
hA,30621.0
hEx,418.0
ke,13334.0
kle,8755.0
klIN,781.0
klLs,1624.0
kno,680.0
ku,2230.0
kO,22823.0
e,110624.0
na,112296.0
plA,1765.0
GIN,13781.0
l@nt,2669.0
sxrK,7622.0
slL,6062.0
sme,3440.0
spK,979.0
vu,10812.0
zE,58475.0
zI,40012.0
Er,453979.0
fit,405.0
flIt,110.0
flu,49.0
flL,268.0
fOk,46.0
fO,415.0
frL,25.0
aN,14682.0
Gan,12106.0
brAnt,3674.0
dan,48712.0
Gef,205.0
Erft,0.0
Ge,36800.0
hywt,114.0
klaG,235.0
klet,2432.0
lert,4159.0
lExt,711.0
le,125013.0
l|nt,0.0
nam,29086.0
no,61601.0
pAst,969.0
sxo,2705.0
sxre,1806.0
sla,20189.0
GEs,278.0
sto,3193.0
k@nt,8003.0
to,47049.0
trMwt,6265.0
we,99744.0
zIxt,10068.0
zIxts,160.0
lI,17943.0
pKn,13847.0
zin,101491.0
Gi,7689.0
Git,38.0
kl|r,1939.0
GIf,1328.0
rKt,2208.0
bIl,576.0
jEt,229.0
fOr,8942.0
my,11414.0
lir,933.0
plIxt,2044.0
GlI,27.0
Glu,1.0
Gly,38.0
GOl,10.0
GOr,69.0
Gra,5046.0
GrM,0.0
z@nt,4002.0
GrKn,37.0
GrK,5755.0
p@nt,2184.0
pIN,2652.0
pINs,118.0
p}nt,5145.0
GrI,7.0
Gruj,26.0
GrO,0.0
r@x,9608.0
l@x,21003.0
lINs,419.0
hAN,2758.0
N@x,6.0
wa,66029.0
hAr,5226.0
tINs,365.0
hExt,623.0
hEf,709.0
fIN,420.0
hI,818.0
hIN,30.0
hIt,489.0
s@r,3615.0
sIN,10037.0
hO,6653.0
hor,26228.0
d@nt,1745.0
vEl,4359.0
dINs,668.0
hMt,2838.0
h},524.0
hy,7027.0
ja,182411.0
kAl,1127.0
k},78529.0
kAn,187638.0
kAp,1594.0
kEr,798.0
kK,29017.0
kla,6368.0
klax,66.0
klAxt,1456.0
klAm,88.0
klef,14.0
klE,205.0
klO,1517.0
klOt,2.0
knI,876.0
knu,247.0
ko,114451.0
sxAp,11455.0
m@nt,934.0
kOmst,8372.0
kOmz,3.0
da,29369.0
t}m,910.0
hAl,6896.0
kOms,60.0
tKt,100954.0
kop,5993.0
sOm,653.0
kOrs,16.0
kOr,1418.0
stIN,596.0
krA,656.0
krK,22614.0
krL,1961.0
kwek,65.0
kwe,174.0
la,97916.0
x@,587520.0
lEx,6605.0
lE,25752.0
plats,12240.0
stK,979.0
l|,3336.0
nINs,539.0
lIx,3270.0
G@nt,3447.0
lu,644.0
lO,6747.0
lOk,384.0
lON,714.0
lo,89022.0
lop,6291.0
kOs,3158.0
pK,2016.0
l@r,5049.0
pe,7556.0
ri,65392.0
jo,15881.0
sprek,110.0
yr,16231.0
trAns,1550.0
ma,120699.0
tOr,9240.0
mak,29216.0
mag,18.0
mAr,1853.0
Se,2007.0
me,111344.0
mEl,1896.0
mE,3689.0
mEr,2146.0
mI,81509.0
n@x,11388.0
mO,2351.0
GINs,148.0
prKs,4231.0
mOn,4192.0
st@,33054.0
m}n,399.0
lKt,1648.0
nem,81.0
bar,15321.0
m@rs,453.0
fIr,438.0
mINz,25.0
mINs,50.0
mat,6423.0
sxA,5914.0
pAk,15609.0
pa,35631.0
sINz,7.0
sINs,90.0
drAx,2856.0
n*,133.0
vr@,148.0
xa,6361.0
nIs,17534.0
muj,12288.0
he,43754.0
mo,49869.0
blem,15217.0
stor,131.0
stra,5007.0
pKl,220.0
pEr,15937.0
pI,3905.0
plAg,171.0
bOrt,1637.0
plAk,149.0
sLl,0.0
plAnt,589.0
plAn,7780.0
plEm,5.0
plu,173.0
po,32067.0
pO,1502.0
pra,29019.0
prK,757.0
z@r,6173.0
prI,515.0
p}n,1363.0
t@r,199618.0
ra,38966.0
kINs,278.0
ANst,3514.0
rAn,2515.0
rAnt,3366.0
ze,63138.0
rExt,14900.0
rEx,6793.0
rEGd,1131.0
bANk,6462.0
blAt,1453.0
k|,7383.0
f@l,6556.0
re,39310.0
rE,19095.0
rIx,4997.0
rI,1989.0
rIs,1593.0
ru,5429.0
rup,3955.0
rus,234.0
rO,4258.0
ro,17589.0
rL,4037.0
r},4126.0
sxAf,22.0
sxE,1376.0
sxEr,6224.0
sxi,13221.0
sxKn,9617.0
sxI,3538.0
sxO,1186.0
sxM,1830.0
wINs,2.0
On,82931.0
sxrA,214.0
vINz,18.0
sxru,118.0
sxL,921.0
SO,118.0
SM,66.0
slan,7859.0
slAx,10352.0
slAG,634.0
t@l,7789.0
sten,2733.0
sle,1165.0
slEn,27.0
sl|,3996.0
slI,4270.0
bIN,0.0
slIp,376.0
slK,499.0
slO,986.0
smK,178.0
snM,27.0
sne,851.0
snE,380.0
snK,1665.0
snu,268.0
snO,111.0
spA,4455.0
n@r,6261.0
spe,16104.0
spEl,5707.0
spI,1626.0
spu,1243.0
spul,251.0
spo,3032.0
spor,2654.0
sprak,6993.0
spra,643.0
hKts,695.0
spre,16707.0
spreg,87.0
ti,20973.0
fOrm,2552.0
sprI,2361.0
stan,28468.0
stant,251.0
sta,15201.0
stAm,971.0
p@r,20167.0
stA,6398.0
flAm,51.0
stE,22327.0
t@s,2892.0
stEl,14031.0
stIx,690.0
stIxt,324.0
sti,1529.0
stI,2102.0
stOnts,15.0
stok,26.0
stot,762.0
stO,15892.0
stOr,1496.0
t@nt,7372.0
stM,30.0
strAn,118.0
stre,963.0
strK,1442.0
strI,496.0
strOm,22.0
stro,1311.0
stL,423.0
sty,11854.0
s},2640.0
tAl,3525.0
tA,1485.0
tAs,8761.0
telt,57.0
nar,207903.0
k@m,649.0
buk,10017.0
k@N,35.0
GElt,1209.0
pAr,12017.0
tK,9897.0
tor,6739.0
k@n,678.0
sxrIft,1252.0
tI,1826.0
tOxt,1576.0
n@nt,1061.0
tom,652.0
trA,1301.0
tre,5153.0
trEk,2696.0
trI,400.0
trM,18564.0
ty,15522.0
va,46722.0
var,11188.0
vard,176.0
pal,526.0
vart,607.0
vAl,19917.0
vA,34679.0
l@n,10.0
wK,16901.0
vAls,1331.0
Ak,8329.0
vAlz,2.0
ba,8531.0
z@s,2654.0
frOnt,640.0
kret,519.0
li,178051.0
ni,58581.0
or,14797.0
lOx,8553.0
zi,35887.0
sKn,1560.0
tAk,3316.0
tik,4032.0
vAN,1173.0
vANz,0.0
vANs,3.0
jar,37205.0
klAs,2596.0
klA,2575.0
sa,13826.0
r@s,8252.0
snEl,22532.0
j}m,5300.0
stIp,543.0
sxOt,934.0
vEx,6058.0
vEGd,1.0
wAnt,443.0
wAn,3674.0
vE,979.0
vKl,35.0
vK,15642.0
vKlz,0.0
vlA,781.0
vlEx,58.0
vli,4449.0
vliG,223.0
vlu,843.0
vlO,52.0
vux,226.0
vur,2268.0
bLs,553.0
pKp,901.0
rOl,3373.0
vrax,19584.0
vra,20481.0
vre,12341.0
v},1534.0
Gro,300.0
Ek,8079.0
hir,216055.0
tru,795.0
v}l,403.0
vy,1102.0
wA,34796.0
wAs,232593.0
wE,11083.0
wEn,2077.0
wEnd,22.0
wEr,23904.0
z@x,11905.0
lKst,3325.0
wKz,6.0
stOk,474.0
zINz,13.0
vuxt,529.0
wI,47440.0
wInst,1163.0
wu,511.0
wo,6378.0
n@n,175.0
wrK,242.0
za,11228.0
zA,3015.0
zAn,36.0
zEx,48827.0
zK,39144.0
zEt,7025.0
rim,698.0
sxruf,115.0
stal,472.0
st}k,12207.0
fKl,45.0
z|,650.0
zint,190.0
zKn,349834.0
zuk,18178.0
zu,17916.0
zL,3373.0
zwa,904.0
zwe,1445.0
zwE,1944.0
zwu,70.0
ap,1550.0
Ax,45558.0
snLf,125.0
sep,0.0
mEns,7502.0
b},1370.0
ard,1023.0
mAn,76590.0
d@l,7870.0
bur,2374.0
vIst,46.0
bLk,1499.0
kAm,3461.0
pAn,3622.0
kro,1363.0
dex,92.0
kEl,1879.0
knOl,50.0
kril,5.0
mel,616.0
mEs,2876.0
py,6187.0
j@r,1987.0
sxKf,344.0
sxIl,4987.0
sup,916.0
stKf,465.0
strop,133.0
vElt,1186.0
zik,12817.0
At,8276.0
mOs,1325.0
fer,374.0
ban,8055.0
bom,2878.0
bEt,11697.0
Ks,1927.0
n|s,3827.0
sOr,3360.0
tart,2012.0
lof,20978.0
vINs,232.0
bit,3253.0
xOlf,1071.0
xOr,774.0
hart,374.0
won,49460.0
d@m,4185.0
bOl,794.0
box,849.0
bor,1753.0
bLl,74.0
drat,959.0
v@l,3584.0
dON,2983.0
Gut,3000.0
lEk,2880.0
tro,4177.0
wEx,74121.0
wErk,35848.0
fA,5757.0
brik,1044.0
sxLt,245.0
k@l,19692.0
wInt,2575.0
fMt,7371.0
xAs,1835.0
xAz,65.0
bEl,14221.0
nEt,47213.0
O,13403.0
tEN,358.0
n@l,1533.0
xest,4242.0
xlo,1288.0
xut,155712.0
hArs,32.0
m@l,14839.0
hop,17721.0
j@s,5226.0
kAs,2163.0
tAn,5939.0
kErn,704.0
klEm,502.0
klOmp,67.0
klOnt,64.0
klot,9483.0
klLt,17.0
kOrst,92.0
kre,1290.0
krO,149.0
kLl,174.0
k}n,2637.0
lax,3047.0
mAG,624.0
tis,12040.0
tIs,404.0
mA,43634.0
met,397.0
k}nst,2715.0
mKt,5223.0
mOlm,1.0
mLs,703.0
not,5381.0
o,227009.0
d}kt,78.0
vlAk,2628.0
per,149.0
pEk,662.0
ploj,31.0
pol,385.0
fil,523.0
rKk,13503.0
rKks,167.0
rok,2214.0
r}ps,54.0
arts,477.0
dyw,1730.0
sxOk,577.0
sxOrs,86.0
sx},2356.0
zInt,227.0
slAk,109.0
slAN,1133.0
spIn,449.0
stral,510.0
strom,1724.0
fAr,192.0
fAst,20.0
fErf,19.0
flo,163.0
fOrk,2.0
fr}xt,8.0
wArm,3671.0
wIn,2792.0
wOlf,1126.0
wOrm,730.0
arz,0.0
dArm,248.0
ars,37.0
xAt,2451.0
krAmp,183.0
fIn,1196.0
ardz,148.0
drix,36.0
bIz,59.0
dOm,5420.0
sxOp,1324.0
bos,4907.0
wIxt,1554.0
bru,2117.0
tif,6135.0
d|G,79.0
nit,801562.0
ses,8.0
kOp,12939.0
E,9162.0
N@l,2328.0
hEr,14584.0
tOx,74630.0
tOG,6.0
GIn,8649.0
hL,5810.0
lar,2858.0
lif,11583.0
lL,6513.0
jart,73.0
pris,1532.0
val,103.0
sxElm,23.0
twK,2551.0
fa,20641.0
fK,2118.0
jAnt,3875.0
az,0.0
blum,776.0
dir,3435.0
as,722.0
xir,84.0
flix,104.0
fo,14038.0
G@l,11488.0
sAk,11418.0
at,0.0
k}s,4652.0
bAn,516.0
dOn,9589.0
dO,16151.0
mEnt,18017.0
Zur,1261.0
twar,124.0
tSal,16.0
vi,16937.0
je,2306.0
se,18229.0
Ap,4922.0
p@ns,0.0
Ab,292.0
kErk,4114.0
sxol,12984.0
rop,65.0
dIs,2652.0
do,15269.0
mEn,11141.0
nal,2185.0
d}k,257.0
bel,978.0
b@l,4822.0
lan,160.0
@,1046.0
jEnt,0.0
jEn,388.0
jEkt,1940.0
v}s,1.0
lMt,3.0
ly,2920.0
nOr,6077.0
mal,105283.0
So,4933.0
nIst,853.0
bOm,3089.0
dAn,193157.0
dAnt,2387.0
bO,6307.0
mEnts,47.0
sErt,666.0
kart,2227.0
rif,157.0
for,328.0
nEs,359.0
t|r,7286.0
t|,69.0
t}s,1568.0
kli,1198.0
nik,3673.0
kwEs,1413.0
prAk,982.0
tKk,371.0
frax,91.0
wEt,5311.0
hAm,1241.0
brAm,15.0
kos,23.0
pIt,591.0
r}pt,285.0
sIs,468.0
sAn,171.0
sEnt,4747.0
jIs,0.0
sInt,76.0
so,9935.0
tIst,106.0
lyt,4275.0
sOl,2599.0
bat,207.0
bEns,0.0
sOrp,6.0
bAnt,6109.0
spEk,4010.0
tr}m,1971.0
sut,14.0
nEnt,421.0
nEn,158.0
sIn,2475.0
drom,5114.0
strAkt,66.0
strAk,752.0
Grat,103.0
vo,10463.0
strys,0.0
s}rt,431.0
s}r,1053.0
Apt,51.0
b}n,161.0
by,7069.0
zif,1180.0
stAt,12737.0
vrint,23428.0
mis,490.0
mIs,15861.0
Zu,41.0
t}z,7.0
pE,1633.0
kor,412.0
pruf,1406.0
fErs,1.0
sEpt,824.0
sEp,3006.0
tAnt,1909.0
xi,5759.0
dit,722.0
sE,5974.0
sit,176.0
swar,87.0
swa,102.0
dEnt,7568.0
dEn,4318.0
tel,2805.0
sKns,10.0
tSOn,2003.0
tLn,3621.0
flEt,1607.0
plAt,1210.0
kOm,133697.0
jOn,2539.0
jO,24338.0
S|r,1765.0
S|,589.0
kMnt,65.0
kMn,485.0
t@n,1951.0
t@nts,3.0
Ad,1171.0
zy,610.0
lEnt,1888.0
t@ndz,1.0
dinst,5944.0
dAj,17.0
rEk,3226.0
Eg,0.0
kju,62.0
tIf,0.0
krEs,0.0
ky,4455.0
k}l,1325.0
plat,4451.0
rat,9303.0
tE,26566.0
zyr,1376.0
es,180.0
fal,96.0
tat,1137.0
sK,5985.0
tOn,2685.0
til,462.0
xo,6822.0
len,64715.0
leN,2.0
GAs,391.0
tarn,195.0
nE,670.0
b@S,1.0
xI,710.0
hil,45.0
pes,30.0
xOn,83.0
dro,5154.0
pla,3220.0
krIs,995.0
xro,679.0
tOp,2528.0
Axt,5927.0
Arm,4030.0
Ar,8716.0
AGd,84.0
bOk,1024.0
AG,56.0
daxs,122.0
d},829.0
los,8009.0
En,614344.0
dEr,8594.0
twIn,3192.0
t@G,228.0
Af,90066.0
Av,4402.0
byrt,7776.0
strat,4790.0
bAks,83.0
bAlk,159.0
bAl,6507.0
blKf,25415.0
v@n,4887.0
bMt,150.0
byr,1109.0
vrMw,46231.0
dEk,880.0
d|r,13186.0
dKks,0.0
dOxt,50.0
dOx,10296.0
duk,1362.0
vOl,39769.0
G@ns,33448.0
Knt,4988.0
Kn,9493.0
Erf,547.0
flAp,20.0
GA,364.0
GAN,3984.0
ble,304.0
GrAxt,0.0
GrOnt,1210.0
GrOn,202.0
fi,18396.0
Gyr,728.0
h|,2381.0
lLt,2633.0
sprEk,2973.0
GrOnd,45.0
In,453814.0
jal,3978.0
hal,22621.0
hAnt,11829.0
hAndz,0.0
hen,31899.0
hEsp,4.0
hu,169395.0
vExt,2606.0
spel,1588.0
huk,2601.0
hoft,16776.0
hovdz,7.0
hofts,1.0
knO,483.0
hLs,47663.0
IN,6253.0
kAnt,18519.0
klAp,1403.0
klKn,10402.0
klKN,397.0
kInt,14945.0
zon,21343.0
klEp,318.0
kwAr,1608.0
tir,1966.0
lAnt,15980.0
lAp,2984.0
lAst,3028.0
lAs,5527.0
her,12607.0
xam,6514.0
lIxt,8000.0
lKf,1503.0
sEG,21.0
lops,50.0
lLk,362.0
nat,1014.0
zEn,1834.0
nef,2154.0
nIxt,1013.0
nun,3.0
Om,363319.0
Os,1393.0
part,4074.0
pAt,2588.0
pAnt,616.0
plExt,6.0
port,2055.0
pot,460.0
rLt,345.0
wAr,1456.0
sxIp,6054.0
spAd,12.0
spOj,4.0
t@rst,459.0
stAnt,9741.0
stAndz,265.0
stAnts,33.0
strEN,634.0
Lt,195998.0
Ld,1439.0
L,6156.0
dKn,321.0
xan,119925.0
xAN,7945.0
kKk,48129.0
spi,4417.0
lAmp,1063.0
fli,253.0
vut,4388.0
wan,1584.0
zIn,18031.0
strKt,5587.0
vOlx,608.0
warts,1267.0
wAxt,38245.0
wil,469.0
zAk,5041.0
zOl,384.0
k@x,10243.0
hOn,3415.0
d@rt,4561.0
mants,0.0
spAn,185.0
tin,14571.0
ews,47.0
man,3957.0
y,247063.0
flAk,28.0
flA,150.0
fu,2977.0
fM,101.0
sIt,101.0
tri,3942.0
lit,3060.0
kwi,521.0
kit,387.0
ki,10732.0
kr@,1605.0
kri,2558.0
tur,773.0
nim,437.0
krOs,136.0
Akt,332.0
ter,303.0
t|rs,17.0
fIlm,8798.0
kwa,4398.0
prEs,903.0
rIxt,3803.0
Grup,109.0
hAn,19791.0
dEl,1735.0
GrAm,785.0
GrA,2182.0
j}s,275.0
rLm,6208.0
rKn,1730.0
nis,1719.0
n)r,600.0
vIs,2882.0
l!,382.0
tKts,590.0
v}m,2.0
lIs,1547.0
lIst,1914.0
ry,2995.0
rAk,1008.0
jat,111.0
jel,159.0
wel,2128.0
rel,668.0
prE,2430.0
syr,136.0
p}Nk,145.0
rIst,910.0
kus,196.0
kyt,25.0
GI,12302.0
dAm,582.0
mit,1245.0
dAms,25.0
tym,523.0
dAp,11.0
dAt,1029430.0
d}m,574.0
bet,20698.0
brut,99.0
GIft,31.0
nEst,613.0
tON,1455.0
wOr,54283.0
dIkt,32.0
tSO,432.0
nel,5338.0
r@nt,3365.0
larz,0.0
lars,213.0
ox,3923.0
fl|,69.0
fl}xt,117.0
bOrst,1504.0
d@lz,15.0
trOts,4899.0
fr@,319.0
kwEn,352.0
f}Nk,780.0
xIm,207.0
nAs,519.0
SEn,27.0
u,2606.0
Or,6625.0
rIt,1570.0
tEx,2130.0
tL,4894.0
pM,1628.0
stIl,9723.0
tEst,2503.0
dEpt,0.0
kwat,7000.0
br|k,518.0
zwEl,114.0
Ont,30288.0
spAt,105.0
rEnt,146.0
hOr,1402.0
dj|,74.0
p|s,11.0
jEk,7187.0
vis,1048.0
jy,3980.0
sir,2214.0
j}Nkt,42.0
j}Ng,44.0
hovd,1609.0
j}Nk,18.0
vAns,0.0
ral,5621.0
rals,1.0
flAx,0.0
vlIn,280.0
hOf,1892.0
lef,2066.0
psi,2614.0
dOp,758.0
M,43921.0
son,7929.0
drEs,2638.0
drEz,35.0
xrup,3583.0
drE,139.0
sAnt,3123.0
ser,159.0
Si,3791.0
Graf,1016.0
strok,64.0
strIN,6.0
stry,431.0
bon,152.0
d}lt,1556.0
nAnt,2807.0
fEnt,5.0
fEn,1506.0
prek,359.0
fEnts,0.0
kars,366.0
krAns,181.0
sOn,1033.0
fEr,422.0
tEn,12616.0
Eks,5188.0
plwA,50.0
lOm,186.0
tEkst,981.0
fis,1657.0
fiz,12.0
bot,8755.0
stAn,3240.0
z|r,1109.0
kat,4844.0
fIs,397.0
kal,1078.0
xe,31685.0
strek,1463.0
ek,271.0
wi,83686.0
nOk,196.0
bIks,46.0
kl}p,2885.0
nM,66138.0
plANk,776.0
skop,878.0
trKn,3356.0
pIs,466.0
fe,2637.0
bArs,479.0
trAkt,1718.0
tEr,12302.0
mKn,196150.0
b|,9693.0
bKt,2994.0
ju,3972.0
blO,975.0
bl},473.0
bON,75.0
brak,1119.0
breg,114.0
brO,393.0
bL,21968.0
bLG,6.0
net,2128.0
SE,3637.0
kON,1927.0
kly,1160.0
dAN,3131.0
dE,3940.0
Arts,2577.0
styr,7878.0
bli,1998.0
tek,1628.0
SEf,1560.0
dIx,1317.0
dunt,18.0
dOr,782.0
dM,17.0
drAxt,2472.0
v@nt,3385.0
drIN,9391.0
drONk,768.0
droG,46.0
drO,256.0
drLp,4.0
dr}k,5124.0
pir,3162.0
ram,3196.0
dwa,363.0
dwI,975.0
K,41368.0
f),575.0
fEkt,5677.0
fEk,976.0
wort,13408.0
Sa,1335.0
S@,2415.0
vit,1.0
fIks,53.0
dIl,307.0
fr|s,2.0
fri,252.0
frOn,401.0
fLt,0.0
f}t,38.0
xant,147.0
st@lt,24.0
bro,3362.0
drajt,520.0
knOt,6.0
left,1495.0
lIkt,411.0
mAt,510.0
G@rt,152.0
rOnt,9557.0
sxK,6895.0
sloft,0.0
spro,2173.0
stAmpt,13.0
stElt,4400.0
stOmpt,31.0
tOpt,3.0
trApt,327.0
trO,4208.0
d@G,409.0
vAst,31983.0
wEnt,1646.0
wErkt,319.0
zaxt,128.0
zAnt,1246.0
zOn,32292.0
xit,24.0
xIf,884.0
xlK,299.0
xlI,332.0
xly,234.0
xOt,2408.0
rEs,6564.0
tEm,2551.0
dIn,8147.0
dis,797.0
xOdz,239.0
xOts,2731.0
xOl,638.0
xra,5796.0
xrM,2.0
xrEn,887.0
xrE,128.0
xrK,886.0
xrKs,390.0
xrI,264.0
xrOnt,5297.0
xrOn,545.0
x}nst,964.0
x}n,231.0
x}t,66.0
N@nt,1101.0
hKdz,369.0
huf,5333.0
hAs,21.0
hEl,31225.0
hyr,2064.0
fKn,8856.0
jA,4975.0
kM,2777.0
ker,35050.0
kI,1648.0
kIg,0.0
kIk,353.0
kIs,299.0
klEt,591.0
klI,1286.0
klL,160.0
kna,59.0
knA,1797.0
knM,2.0
knE,282.0
kne,80.0
knK,348.0
knIp,368.0
kn},1214.0
kn}t,20.0
kok,529.0
kra,1669.0
krAp,183.0
krON,61.0
kL,227.0
lat,91233.0
lad,164.0
slLs,143.0
tOk,121.0
les,41.0
lup,12.0
af,0.0
lKd,0.0
n|,3266.0
lEn,3554.0
rINs,496.0
lOz,164.0
lLs,28536.0
sxAn,1624.0
dal,480.0
mArS,38.0
mArs,987.0
mEt,298069.0
mK,2639.0
mor,15124.0
nas,264.0
nK,975.0
nO,229.0
n},11594.0
oxs,209.0
fon,8089.0
p|,227.0
plK,305.0
plE,4199.0
plO,727.0
plo,1930.0
plL,96.0
pl},315.0
pl}n,188.0
pu,1239.0
put,459.0
pOl,376.0
pOm,479.0
pOn,331.0
prA,5.0
p}l,279.0
rA,9389.0
rAs,1423.0
rKs,5231.0
kan,799.0
kans,9.0
rIl,60.0
fro,197.0
k}m,158.0
luk,167.0
rOn,1303.0
sA,1065.0
sxaf,30.0
sxAm,6.0
sxep,54.0
sxe,7383.0
sxer,586.0
sxKt,2155.0
sxKd,7.0
lKn,3918.0
myr,3079.0
slot,479.0
sxKts,457.0
vOnt,43120.0
sxKdz,58.0
fest,5917.0
sxENk,1483.0
xrut,335.0
sxEN,588.0
sxEt,135.0
sx|,576.0
SmiN,22.0
sxra,86.0
sxrap,14.0
sxrAp,0.0
sxrIf,61.0
sxrKf,287.0
lon,1068.0
sxrIk,658.0
sxrI,3327.0
sxrO,213.0
sxLm,220.0
sxy,3156.0
sx}t,290.0
sxyr,745.0
sxyw,109.0
SA,237.0
slEx,357.0
slExt,11809.0
sli,205.0
slKp,15.0
slOn,30.0
slOr,249.0
dKk,36.0
slLt,1307.0
kran,437.0
sl}r,22.0
smA,15.0
smEl,348.0
smE,538.0
snKt,0.0
snI,42.0
snuj,20.0
sn},278.0
snL,249.0
sO,28896.0
spa,1138.0
sp|,74.0
splK,27.0
splIn,146.0
splIt,349.0
spOn,513.0
sprON,1796.0
sprL,23.0
spL,376.0
ler,3635.0
stAnd,208.0
stAp,5927.0
steg,0.0
stEm,4257.0
knOp,789.0
sxal,601.0
stOm,5035.0
stod,3.0
jAk,2276.0
strA,688.0
strL,119.0
der,220.0
Ob,5171.0
skrIp,200.0
Aft,7.0
tAg,4.0
dos,2133.0
tAnts,20.0
tAp,35.0
tAst,281.0
tEl,7005.0
rKm,67.0
pj@,100.0
vErs,1029.0
pIl,552.0
Sef,3.0
trAp,2503.0
trEt,297.0
trEg,30.0
pOst,2687.0
trOm,305.0
t}r,1057.0
far,1079.0
fart,249.0
farts,0.0
fAl,719.0
res,1281.0
stOf,3498.0
stOrt,599.0
fEx,258.0
fex,23.0
fE,3763.0
fI,440.0
flK,0.0
flE,380.0
fluj,8.0
jINs,5.0
flO,82.0
fl}x,251.0
fur,654.0
fra,751.0
fre,338.0
frK,455.0
fy,654.0
wAx,16927.0
wAz,170.0
st@l,335.0
kwAst,82.0
wer,58553.0
nOn,1284.0
vyr,6328.0
wEN,26.0
sIr,1606.0
wIm,55.0
wOrp,321.0
wrI,69.0
sat,8.0
sEt,1634.0
sEd,0.0
mArkt,1486.0
s|,49.0
sIx,257.0
sin,1398.0
sim,4.0
sIf,0.0
sI,2599.0
su,3815.0
sM,344.0
s}x,258.0
sL,1696.0
sLx,1.0
swA,50.0
swe,22.0
swer,78.0
swE,88.0
swEN,0.0
swEr,44.0
swi,452.0
swu,0.0
Gat,100.0
kl|,1179.0
GAr,2.0
GEn,2036.0
GEns,12.0
GEnt,10519.0
flLt,532.0
tEs,2058.0
Gen,75.0
xre,147.0
Gats,10.0
tu,49774.0
xr@,0.0
ris,764.0
GIt,0.0
prOp,176.0
nOst,5.0
nOs,81.0
nuz,0.0
ji,506.0
GOdz,1.0
din,3568.0
Go,1998.0
Gik,21.0
Gis,3123.0
Gox,9.0
Gre,273.0
GrE,741.0
sif,1145.0
Gri,211.0
d}s,62252.0
lox,2257.0
nom,79.0
leb,0.0
his,794.0
hOp,189.0
hOj,7846.0
hOrn,14.0
hOrm,0.0
Aj,63.0
),2.0
mwa,68.0
grE,95.0
)r,223.0
b}s,3585.0
S@nt,0.0
pOt,6752.0
is,0.0
k@rt,1615.0
k@s,341.0
jAm,249.0
s@s,646.0
jLn,6.0
jLm,0.0
zat,352.0
jys,800.0
kol,549.0
rIk,1025.0
malz,0.0
bOs,3010.0
mals,1429.0
slep,399.0
vr}xt,188.0
kort,1671.0
dIst,157.0
Aks,15.0
Akst,0.0
GIs,473.0
laf,2.0
lAnts,213.0
wKn,2883.0
lArm,2017.0
lAr,10436.0
mIst,2248.0
klOk,344.0
pis,5483.0
tol,4593.0
sxEl,255.0
nes,506.0
bAst,27.0
bAs,1101.0
xlAs,2643.0
trOs,47.0
sxIk,106.0
b}m,398.0
hOl,1602.0
brLk,5340.0
lis,2761.0
mIz,3914.0
vrK,20767.0
dar,154666.0
dor,85883.0
drIn,30.0
er,43057.0
lErt,267.0
ksAn,1.0
drKn,1.0
drKns,0.0
GrAs,7.0
h}lp,11199.0
ny,137065.0
rik,48.0
r}s,20257.0
GMw,11.0
Ist,0.0
hel,47125.0
lKk,20779.0
men,4225.0
rKns,8.0
Gu,401.0
wEl,221500.0
jAs,3960.0
lin,3.0
r)r,41.0
INkt,352.0
Alk,10.0
kof,4.0
kov,0.0
l@G,140.0
Gar,445.0
hEns,118.0
mAx,1778.0
mAns,211.0
xEk,23965.0
frint,26.0
lENs,4.0
k@ns,1246.0
bEst,14039.0
erst,336.0
lEr,449.0
hK,2105.0
l@xst,0.0
hoxst,297.0
hox,10842.0
Kl,22.0
kIn,22826.0
latst,2655.0
lifst,180.0
mest,5274.0
mInst,13.0
nast,5161.0
l@z,45.0
s@nt,578.0
sIns,350.0
jAn,1231.0
liv,11105.0
Ol,28.0
ton,2266.0
mOrf,4.0
l<,78.0
prLk,286.0
loj,7.0
pat,432.0
rIsk,19.0
rIzg,0.0
rMnt,1.0
rMn,2.0
spAjs,0.0
mar,372424.0
mAxt,4465.0
mAGdz,5.0
GrIp,694.0
mAxts,78.0
fAn,6884.0
nAk,6.0
ten,9974.0
G@n,1526.0
wor,8781.0
Mt,9608.0
Alp,5.0
wOl,688.0
dOrp,2408.0
horn,908.0
ros,1197.0
pin,110.0
pKns,4.0
ski,107.0
m}ts,323.0
pEt,762.0
rets,437.0
rLn,22.0
Als,322847.0
Alz,1.0
s@m,934.0
drANk,3785.0
blift,31518.0
nOx,8512.0
Of,116305.0
ok,120822.0
tun,47827.0
Alt,17.0
tar,1401.0
hKm,5134.0
mEts,0.0
nAn,710.0
tAns,566.0
xrun,1845.0
toz,0.0
tos,86.0
try,17.0
wIs,2192.0
wIst,10.0
jol,568.0
lLn,2.0
l}m,32.0
n}s,827.0
Alf,244.0
l)r,978.0
slIn,102.0
vles,2955.0
klir,136.0
vle,66.0
r@ns,133.0
zo,251512.0
mAl,432.0
Gam,66.0
brot,2186.0
mElk,2307.0
pArs,1.0
pAs,17379.0
pErs,2135.0
spKs,72.0
staf,94.0
zep,661.0
mAnt,86931.0
zIs,73.0
kurs,1187.0
vud,956.0
z<,715.0
zIt,48716.0
Am,5027.0
bAxt,10.0
bAx,12.0
bAGdz,0.0
bas,7724.0
bAxts,7.0
xIlt,0.0
xIl,683.0
frMw,2698.0
d|rs,8.0
pOrt,2500.0
Gel,23.0
G|r,4.0
GrKs,10.0
stri,42.0
Gy,356.0
tS|s,191.0
Amt,111.0
narz,2.0
nars,17.0
trAk,528.0
r@lt,18697.0
kOrps,111.0
pEn,2976.0
Sun,1131.0
Gl@,71.0
zak,11872.0
Amts,35.0
Amdz,1.0
drax,81.0
et,1111.0
wat,103.0
mEx,0.0
dONk,11.0
r|,444.0
m|,420.0
bl@,25.0
tENk,1123.0
vlix,6855.0
tLx,5966.0
bis,341.0
x@s,0.0
jun,8247.0
juN,0.0
kIt,343.0
t@rs,400.0
mIkt,0.0
go,1165.0
kAr,3324.0
z}l,1047.0
fat,15.0
mOns,0.0
sko,612.0
mOk,70.0
mOr,31067.0
fOnts,247.0
r|s,513.0
p)r,826.0
pEks,7.0
pli,1429.0
lEt,3587.0
mEndz,0.0
sEk,2240.0
zis,209.0
bAp,63.0
bol,669.0
ret,1852.0
An,52022.0
lAk,564.0
lut,0.0
lEp,112.0
nAl,19.0
zer,6932.0
nAm,5.0
nAz,0.0
nA,628.0
pEst,1051.0
xIs,10194.0
xIst,78.0
plOt,1119.0
stIG,17.0
dels,360.0
hAlf,5722.0
d@rz,4.0
sor,8.0
vrMws,2.0
wErf,108.0
zKts,336.0
dorn,123.0
dre,1013.0
krLs,1423.0
Gin,5.0
drOs,0.0
nEg,26.0
mik,224.0
mon,74.0
Es,1018.0
zIst,39.0
spIts,168.0
AN,491.0
l}s,535.0
r@n,856.0
jom,12.0
Gli,77.0
GlIst,0.0
Glo,51.0
GKt,4.0
kAt,2444.0
nKn,1160.0
ANzd,3.0
plEks,422.0
ANz,3.0
hLl,67.0
sxrew,950.0
vul,6438.0
has,728.0
ONs,0.0
tr|m,0.0
ANs,0.0
swet,4.0
hi,1414.0
nKs,4.0
nKz,0.0
k|r,591.0
blEt,106.0
lot,2387.0
mer,89779.0
mKs,17551.0
sol,27.0
trop,44.0
buj,137.0
GAt,390.0
mAst,119.0
tMw,1305.0
EN,6551.0
kl@t,0.0
nEks,21.0
nEk,2859.0
n}n,2.0
lEs,4002.0
m}s,412.0
nEr,10281.0
Slus,5.0
sIxt,1350.0
fANst,318.0
Ant,12982.0
Ark,249.0
jans,10.0
ul,0.0
t)r,742.0
SAm,1682.0
br@,33.0
mAks,67.0
tSo,2007.0
klon,18.0
dLts,0.0
N@ls,2376.0
frAns,6.0
hElt,2889.0
hIs,4.0
krIst,1.0
sAr,1155.0
Erts,54.0
Ok,614.0
dAns,2049.0
pIst,11.0
GAn,658.0
kwar,0.0
k)r,131.0
jadz,0.0
r}m,629.0
sket,0.0
z}s,10440.0
vris,104.0
j}z,1.0
fyr,250.0
trAks,47.0
tris,365.0
fax,56.0
sof,134.0
word,293.0
lOp,313.0
tS@,224.0
p),0.0
pArt,3897.0
Zim,121.0
brod,177.0
har,130931.0
kyr,124.0
slAxt,3036.0
koj,656.0
rOts,722.0
pEp,85.0
sy,3181.0
rOk,832.0
pErt,0.0
zAt,15015.0
pIn,508.0
pl<,0.0
pn|,8.0
lIps,1.0
lIp,509.0
krif,0.0
dIk,2582.0
kOj,0.0
nu,8434.0
Get,37.0
plEk,7921.0
stat,28687.0
pOs,557.0
par,19354.0
zAlf,81.0
tIl,447.0
strOf,5.0
k@rs,492.0
stEnt,968.0
stEn,754.0
flEs,2427.0
rEn,2610.0
pEl,914.0
b@n,11.0
blu,4007.0
flMw,1055.0
GrMw,0.0
kuk,889.0
pEnt,31.0
slOf,31.0
wAN,502.0
wKf,1303.0
p@n,489.0
dIks,14.0
tAj,1107.0
plM,43.0
plMs,760.0
protS,11.0
prO,177.0
prOk,2.0
prIl,780.0
GEk,419.0
GrAp,12.0
mant,4127.0
mOp,333.0
nAxt,16640.0
prIls,9.0
pri,13200.0
kEm,439.0
nMt,206.0
ple,2113.0
rEl,253.0
bEsk,6.0
bir,3976.0
bIst,2.0
bIs,427.0
mes,5404.0
j|xt,1388.0
krIN,267.0
lj|,287.0
dKs,665.0
fOlk,33.0
sElv,8470.0
bKts,64.0
bKdz,40.0
b|rs,820.0
flIkt,233.0
dyr,1596.0
tOs,55.0
sxIkt,1062.0
mArgd,0.0
ON,25102.0
r}st,6881.0
Sel,2124.0
sEr,4363.0
vwar,105.0
fAk,436.0
sfer,429.0
kOrt,5637.0
p|t,36.0
G},647.0
zLm,20.0
fr|G,22.0
wek,10478.0
sak,1064.0
sam,1632.0
tral,355.0
tr)r,2.0
n}m,138.0
i,120403.0
Is,98.0
xiv,3.0
xif,288.0
plar,284.0
drit,1212.0
Zi,3303.0
tEkt,299.0
tEk,1318.0
traf,0.0
dwA,9.0
dLn,18.0
Gj|s,169.0
r@nd,0.0
z@rt,426.0
r@ndz,2.0
r@nts,8.0
jON,4308.0
klMw,158.0
G}s,599.0
tan,1034.0
tKn,8442.0
tKns,14.0
ArG,174.0
GOn,319.0
Gys,3.0
jE,148.0
krat,156.0
dOk,12297.0
zOr,20335.0
zOrx,10033.0
dars,0.0
lEN,604.0
mut,2979.0
Arms,0.0
stul,2887.0
voxt,121.0
zwaj,286.0
Arn,0.0
hEms,0.0
rOns,1.0
kElk,62.0
rom,552.0
Ze,692.0
Z|r,4.0
rEst,8546.0
hOk,408.0
rEt,1260.0
GAnt,648.0
rut,199.0
sen,85.0
fAkt,26.0
skle,9.0
tist,454.0
hut,1658.0
vAk,1574.0
lIt,2718.0
k@ls,69.0
bAr,4067.0
pArk,1493.0
SOk,473.0
SOg,0.0
Ardz,0.0
Art,11.0
GrEs,915.0
w}rk,133.0
Az,221.0
bElt,2611.0
blOnt,743.0
set,2.0
lEkt,133.0
zEp,0.0
fAlt,68.0
fAld,0.0
lInt,524.0
mAs,1646.0
sprK,975.0
fIk,561.0
xrMw,23.0
haj,437.0
hAls,594.0
SrAm,12.0
zil,3897.0
krax,174.0
kr}k,153.0
Sal,3014.0
fik,309.0
pEkt,3369.0
tAN,636.0
pIk,2318.0
rAnd,1.0
styrs,49.0
l|r,795.0
GrAnt,61.0
rin,74.0
Gaj,145.0
sAj,149.0
sMt,55.0
sAm,138.0
sEm,353.0
bl@r,10.0
pus,1102.0
sIst,251.0
dju,289.0
s|r,651.0
s}mp,33.0
Ast,177.0
SEnt,0.0
trAnt,61.0
trAn,101.0
trIN,0.0
}rn,52.0
falt,5.0
fAN,765.0
wunz,933.0
sIm,3682.0
sImp,84.0
tot,5.0
xron,21.0
kron,736.0
jIst,21.0
tjAr,0.0
jes,1.0
flIn,21.0
let,683.0
tig,0.0
tOl,286.0
m)r,19.0
mAj,84.0
drEm,131.0
dLg,156.0
fIst,54.0
ply,313.0
sxLl,718.0
pErk,415.0
wOlk,331.0
zwart,1751.0
nOj,0.0
tEnt,2535.0
fOl,1899.0
byt,71.0
Mk,0.0
zal,992.0
<,0.0
vI,3782.0
w@l,288.0
w@r,571.0
hun,47.0
Mf,0.0
r}N,0.0
f<,0.0
MG,0.0
G}r,1.0
lAx,2855.0
G}rk,59.0
klos,814.0
Ms,1.0
tAr,246.0
kis,2052.0
bOks,167.0
b}z,6.0
klaf,20.0
r|r,394.0
dIxt,9127.0
dAkt,5.0
dif,2075.0
GlA,0.0
v@s,2895.0
rINz,172.0
dEs,2140.0
mErk,1296.0
bil,1393.0
l}k,12647.0
plAs,566.0
v}rs,0.0
lOn,900.0
SOp,118.0
slap,6962.0
spOrt,1389.0
spLt,582.0
trof,0.0
t},14705.0
s),344.0
wrAk,431.0
vAn,532611.0
gAr,104.0
vel,76857.0
rExts,3370.0
vEr,31175.0
v|,72.0
j)r,108.0
jAxt,1620.0
vOnd,589.0
vOn,1172.0
dLs,1385.0
xlut,94.0
Sur,11.0
j}rk,2666.0
kIl,122.0
kul,1273.0
krAnt,2642.0
l}xt,6195.0
niws,9197.0
rot,2510.0
sxun,1068.0
stOnt,7378.0
twA,2051.0
fir,160.0
dax,16869.0
fler,0.0
f},66.0
rir,297.0
lOtl,3.0
zKm,4.0
zKN,0.0
Gest,55.0
vAt,1006.0
m}t,28.0
wis,0.0
spEr,414.0
teks,0.0
blMw,1629.0
kwArts,14.0
baj,199.0
j@rt,22.0
bak,10.0
xElt,35586.0
bal,461.0
bam,14.0
baN,0.0
fits,1091.0
xAst,3281.0
bart,618.0
bard,3.0
xrAs,1003.0
xruj,289.0
sx}rft,27.0
wAl,2654.0
swKn,0.0
kAN,1176.0
mOnt,7520.0
slKm,261.0
vlis,176.0
bars,138.0
sik,794.0
s}xt,326.0
GLx,0.0
kMs,159.0
prat,13169.0
z}xt,183.0
dOl,3302.0
kler,282.0
lM,805.0
xAnt,0.0
xAn,9.0
x}s,0.0
sIl,35.0
bEk,460.0
grMnt,14.0
hEnt,7.0
lES,0.0
sEl,2987.0
vres,1490.0
bAt,5543.0
bAd,50.0
bruk,3753.0
brus,0.0
sAns,6.0
bEtS,271.0
j},104070.0
knExt,212.0
kuts,438.0
bEd,47.0
mIn,9107.0
zun,1634.0
strAnt,1795.0
rar,5480.0
t}rf,24.0
GE,348.0
b)n,0.0
bej,1.0
b),91.0
d),0.0
klAnt,1589.0
mAf,953.0
bAg,211.0
nan,233.0
best,2547.0
bort,3434.0
bord,11.0
borts,0.0
spElt,179.0
sprok,318.0
rIn,399.0
k@rz,0.0
bOnt,1629.0
zEl,3854.0
trOx,35.0
fEt,178.0
stAx,58.0
steN,190.0
forn,0.0
sKl,54.0
lAj,3.0
lAns,552.0
lAnz,1.0
tr<,3564.0
kKn,94.0
bAlx,8.0
Em,2163.0
jyw,4.0
fOnt,394.0
hEk,1714.0
vOrm,1796.0
lAzd,4.0
lEd,1.0
stKl,478.0
ort,385.0
GlAs,57.0
pOjnt,18.0
min,3.0
bAlts,1.0
bAlt,26.0
lys,0.0
bAm,40.0
rit,782.0
sprLt,44.0
bus,2.0
pAxt,33.0
prLm,105.0
blik,2192.0
bAN,22431.0
bEnt,3485.0
bAnd,80.0
ZIst,8.0
pEx,906.0
ril,116.0
fIl,1286.0
hOnt,8254.0
bEn,241511.0
trup,1782.0
djIr,0.0
bEnd,7.0
wErp,1830.0
rEm,643.0
sax,5.0
N@rt,603.0
jIr,0.0
tIn,144.0
bANg,82.0
br|,20.0
SEk,1116.0
kEd,37.0
sal,848.0
kir,207.0
kirs,0.0
troj,15.0
rof,254.0
sAl,353.0
tAm,167.0
vluk,865.0
vO,2809.0
n@s,4539.0
kjuw,269.0
birs,0.0
bArt,22.0
zAN,249.0
stel,427.0
bArx,0.0
Guns,0.0
drOk,0.0
pAp,5230.0
bArk,6.0
bArm,128.0
sKs,19.0
bArn,55.0
ruS,0.0
SEt,72.0
r@l,7540.0
vuts,1.0
j),15.0
rIf,147.0
bArst,519.0
j@ns,0.0
zOj,1.0
sAlt,4.0
sAld,0.0
bAz,0.0
zLn,23.0
bez,106.0
tim,5590.0
dOf,27.0
bes,303.0
lAjn,336.0
zIk,102.0
lik,509.0
lIsk,33.0
z@z,4.0
dul,5050.0
dyl,0.0
nOrm,2091.0
prIn,2333.0
fut,102.0
k@t,824.0
k@d,491.0
kyl,32.0
flEks,61.0
jEf,0.0
tard,0.0
brur,12026.0
nAx,345.0
Gal,1344.0
fluk,0.0
s}s,81.0
t@rt,657.0
t@rd,1.0
tafs,0.0
taf,12.0
jOns,5.0
vir,14650.0
skaf,0.0
tIk,966.0
bAts,18.0
bEts,8.0
kIp,1688.0
ksit,4.0
rwA,11.0
vEt,1291.0
jan,1004.0
zar,48.0
zLN,0.0
sxAl,25.0
jAr,177.0
n),206.0
sMs,555.0
nIk,456.0
fOrt,438.0
Zo,70.0
bju,40.0
kes,551.0
blart,0.0
blut,9043.0
blumt,12.0
bomt,0.0
bOp,2851.0
bMwt,1180.0
wINz,1.0
brIlt,0.0
daxt,0.0
dart,451.0
dANk,36201.0
dANg,2060.0
dest,16.0
dEkt,679.0
brOk,98.0
n@k,311.0
nAp,15.0
stAf,661.0
dENg,192.0
dENk,187.0
dErf,189.0
xA,564.0
dint,1645.0
mAk,1520.0
z}x,54.0
klOs,148.0
win,0.0
z@lt,2.0
dOmpt,9.0
dOt,82.0
m@lt,17.0
driG,34.0
drKfs,222.0
drKvz,11.0
blInt,1855.0
zOnt,3025.0
sOrx,189.0
rAr,0.0
klar,25861.0
_@r,1251.0
plLm,55.0
fEs,410.0
fud,5.0
v@x,1832.0
druft,256.0
dru,404.0
drOx,446.0
dr}kt,402.0
sxErm,857.0
mun,79.0
d}xt,20.0
d}x,7.0
d}N,46.0
dyst,6.0
v@lt,100.0
dwAN,385.0
dwEl,22.0
dwElmt,49.0
dwIN,3.0
d@xt,1655.0
bek,156.0
beg,0.0
dAl,405.0
beld,35.0
kram,182.0
reks,295.0
rKg,650.0
stut,66.0
stOrm,1562.0
hMw,10.0
moj,26981.0
sxErp,1230.0
sxon,6354.0
b}p,0.0
bemt,2.0
bem,9.0
brLn,657.0
GrOt,0.0
lKm,180.0
drox,1009.0
frAk,136.0
beN,0.0
wrIxt,12.0
w@rs,0.0
mErx,100.0
mErG,3.0
spAlk,16.0
stOmp,171.0
wef,329.0
zwArt,2728.0
ber,1434.0
bul,3490.0
xar,184.0
bEf,12.0
famt,19.0
lKs,885.0
flur,190.0
frO,5.0
Gaft,120.0
Ges,36.0
GKn,48.0
GK,21.0
rKst,451.0
klANk,80.0
GIm,44.0
kwes,27.0
Gla,20.0
Grast,0.0
nIz,403.0
plEx,216.0
nI,4071.0
GrEnst,34.0
GrIn,0.0
GrIps,1.0
GrIbz,0.0
Grujt,66.0
Grust,0.0
tINz,32.0
GrL,2.0
Gum,1.0
G}n,110.0
st@G,71.0
klM,358.0
haG,20.0
hax,14.0
tyt,325.0
sxunt,1.0
N@rs,82.0
G@s,21.0
hers,0.0
herz,18.0
dat,13502.0
herst,286.0
hEn,14968.0
hEpt,5.0
hud,5.0
vor,381062.0
d@ns,5920.0
hMts,73.0
hLlt,1.0
hLst,3.0
hywd,0.0
hyw,11.0
om,70.0
j@rs,10.0
INk,4.0
jaxt,219.0
hElp,12244.0
jAx,49.0
kajt,4.0
kAkt,16.0
kert,5790.0
kEnt,7289.0
kEn,3020.0
xrat,199.0
kEnd,118.0
kKks,10.0
klAx,46.0
klEmt,6.0
klK,12115.0
klOn,8.0
knOpt,13.0
kOxt,139.0
kOk,1169.0
m@rt,282.0
krAx,1787.0
krAn,97.0
kr|,257.0
krI,200.0
krIm,128.0
krOm,272.0
kwam,281.0
kwK,146.0
b@rt,221.0
strE,288.0
b@nt,3.0
frM,304.0
I,8384.0
plIx,638.0
kwo,114.0
sx}lt,8606.0
sx}l,8709.0
tryk,928.0
vl}xt,3025.0
f@lt,519.0
lev,26.0
lem,24.0
lEG,33.0
lAt,107.0
lKts,10.0
lKdz,0.0
kl}s,1955.0
tSa,970.0
oG,289.0
vAnt,313.0
xANs,46.0
w}m,0.0
lEm,1.0
nINz,23.0
bElx,0.0
fl|r,76.0
trIst,0.0
trIs,1.0
lOf,1941.0
l}x,629.0
l}st,1185.0
d@lt,179.0
mInt,91.0
mOst,2.0
namt,1375.0
nArt,20.0
nMwt,157.0
w@nt,154.0
dEks,75.0
d@nst,0.0
stroms,0.0
wInts,5.0
S)r,4.0
SAnt,0.0
lyks,0.0
v@ns,183.0
bEN,0.0
Gals,0.0
niwt,646.0
nKd,0.0
nKt,31.0
num,45.0
nor,1563.0
n}l,987.0
zen,10.0
dAmp,66.0
sxars,116.0
os,1003.0
palt,1458.0
pErkt,389.0
plas,3.0
plAN,228.0
plKs,126.0
plLmt,0.0
plLst,0.0
pruft,15.0
pru,934.0
p},1195.0
pKt,516.0
bErt,0.0
nert,497.0
drLf,61.0
rKts,0.0
rKd,12.0
rKz,82.0
l}l,5672.0
b}rx,35.0
vANst,169.0
bErx,2070.0
bErG,187.0
klIm,536.0
ent,411.0
Z),38.0
h}t,1071.0
GINz,6.0
kAlk,26.0
klof,188.0
knop,442.0
nImf,19.0
r}x,68076.0
tKd,196.0
xef,38013.0
rKpt,17.0
bErk,10.0
blAd,23.0
wEsp,32.0
zwAm,36.0
kun,490.0
lKnz,0.0
lKns,1.0
lits,0.0
bErm,33.0
prOs,228.0
hEmt,881.0
nAr,539.0
nArts,1.0
rumt,1298.0
GIts,27.0
rups,332.0
rubz,13.0
xu,16597.0
Im,4151.0
rurt,500.0
rur,832.0
rust,162.0
rojt,24.0
rokt,303.0
rMw,526.0
rM,300.0
bErst,0.0
bErs,0.0
r}xt,611.0
sxaft,315.0
sxamt,277.0
GOt,40.0
hus,209.0
h}ls,121.0
vrM,924.0
sx|r,303.0
sxIg,616.0
kINz,410.0
sxIm,47.0
sxu,135.0
sxON,10.0
sxromt,0.0
sxLd,1.0
sEf,1080.0
xAl,139.0
hes,14.0
h}lst,16.0
Su,104.0
slKkt,0.0
slIkt,0.0
slIs,0.0
slIst,1573.0
smEt,602.0
sm|,21.0
smLkt,0.0
sna,103.0
snart,3.0
spO,284.0
sprakt,57.0
sprE,1.0
sprEN,17.0
spru,87.0
spy,257.0
vla,39.0
stam,259.0
stans,23.0
stanz,0.0
brOn,1670.0
m}m,429.0
fla,330.0
sted,1.0
stet,59.0
stEk,204.0
stEg,0.0
mur,520.0
stErt,0.0
stir,431.0
stu,560.0
stOft,2.0
stroj,5.0
dert,1632.0
styrz,0.0
wIl,206204.0
talt,3866.0
tals,0.0
trOn,218.0
pAlm,255.0
tIx,76.0
tOm,222.0
kIst,1692.0
rOt,7327.0
tox,62.0
Md,43.0
Grot,228.0
trant,4.0
trAx,67.0
f@n,225.0
tr|,652.0
trMw,5280.0
wet,188963.0
twIs,127.0
twIzd,30.0
b|x,0.0
b|G,0.0
zax,289.0
b|k,87.0
b|l,200.0
lIn,379.0
b|ls,0.0
b|n,9.0
b|r,371.0
b|rz,0.0
tsis,0.0
b|rt,1932.0
sAN,40.0
z@l,2340.0
vElz,0.0
nEl,3662.0
rAt,322.0
v@rs,79.0
start,842.0
vEs,2084.0
vInt,107.0
vIn,27589.0
vlest,0.0
vlE,308.0
vl|,463.0
vlK,227.0
vlo,749.0
vOx,586.0
vuG,68.0
hElft,2927.0
lAnd,380.0
prOG,69.0
vOlkt,48.0
voG,251.0
delt,732.0
vrAx,3.0
vremt,5615.0
vrem,3262.0
vrest,146.0
vriz,2.0
vri,538.0
zINs,54.0
vru,5458.0
vro,1978.0
vr}x,121.0
vL,332.0
wak,274.0
wast,0.0
wEd,131.0
weG,69.0
wex,187.0
pLt,319.0
nyw,1323.0
wEG,6843.0
tLxt,1196.0
wEs,1698.0
wOlkt,74.0
wOn,6258.0
n@rs,6.0
wom,175.0
w}st,1587.0
w}s,776.0
sKnz,0.0
zan,27.0
zans,7.0
sxot,2181.0
zKlt,0.0
z@m,381.0
s<,55.0
zIx,37065.0
zilt,25.0
zins,42.0
zINk,61.0
zIts,0.0
zIdz,1.0
stINkt,465.0
zOxt,2708.0
s}m,857.0
zON,206.0
zO,1222.0
zOrxt,2786.0
zOrG,27.0
zwar,5007.0
zwA,3243.0
zwAl,6.0
zwer,3497.0
zwet,62.0
zwEn,152.0
zwK,1529.0
blIst,0.0
blIs,0.0
sEps,36.0
kaf,0.0
vEks,2.0
bId,1.0
dEt,85.0
xrep,790.0
prEnt,48.0
snur,153.0
sprINk,103.0
han,313.0
bip,80.0
bixt,326.0
bix,395.0
bixd,0.0
biv,1.0
b}r,3483.0
bif,425.0
bils,7.0
brM,147.0
kaj,50.0
krAt,167.0
vIlt,46.0
biz,0.0
j@z,17.0
lok,381.0
bist,0.0
krot,1.0
bits,4.0
f}r,0.0
bIx,828.0
bin,0.0
gOt,0.0
gO,15.0
pr@,15288.0
b@ls,94.0
spr|k,337.0
hAnts,178.0
NIn,2660.0
vOlk,3146.0
zwErm,91.0
Gant,53.0
hArt,10719.0
kAns,11759.0
bKl,469.0
tj@z,3.0
sxIlt,812.0
smak,1398.0
bKs,269.0
bIk,1.0
gwIs,0.0
jArt,627.0
jArd,12.0
fOlt,0.0
spir,275.0
bIm,4.0
bIms,0.0
bInt,2.0
bInd,7.0
fem,0.0
flis,66.0
bINk,144.0
bOxt,373.0
GrEns,38.0
lots,119.0
plKn,333.0
prEt,594.0
smO,405.0
mOnts,1.0
n@nst,0.0
wErks,0.0
zol,55.0
kl@,73.0
bInst,3.0
Giz,0.0
jOs,57.0
top,25.0
bIps,39.0
sEks,4641.0
sxOps,2.0
tron,1242.0
bIts,39.0
s@x,425.0
rAf,47.0
kErs,158.0
zut,642.0
zMt,792.0
zAr,374.0
blax,11.0
blam,57.0
blar,10.0
blaz,14.0
blas,845.0
kak,299.0
tEt,49.0
kEst,207.0
wir,170.0
blEk,95.0
blat,92.0
kAk,126.0
dOs,44.0
xel,456.0
xMt,2934.0
hArk,66.0
max,1215.0
ner,53698.0
nErf,30.0
sk@,124.0
spri,7.0
blAf,96.0
f@rt,284.0
hust,137.0
blak,0.0
blAk,2.0
blAn,0.0
blAN,2026.0
blANk,739.0
blAs,28.0
dErm,1.0
blM,10.0
kel,1271.0
kil,395.0
G@x,6.0
pars,179.0
blek,1314.0
bleg,0.0
sxet,422.0
bles,0.0
blKn,0.0
blE,144.0
blEn,0.0
bl),0.0
blEs,4.0
bl|,17.0
blip,4.0
blKt,148.0
blKk,203.0
blKg,2720.0
fles,461.0
flIts,179.0
s@ms,14.0
sxIxt,37.0
blIks,1.0
G@rs,104.0
blIn,425.0
blInd,1.0
blINk,22.0
blIN,75.0
blINg,0.0
blIts,22.0
blo,196.0
blud,654.0
dop,204.0
dOrst,856.0
lINk,588.0
pEns,46.0
sxEn,221.0
bluts,62.0
stOl,10.0
fAt,983.0
flEk,250.0
flut,57.0
fres,15.0
wOrst,469.0
wrak,2062.0
bluj,103.0
kOlf,38.0
h}l,424.0
tLl,0.0
vas,201.0
strONk,58.0
frAG,68.0
pj@z,0.0
toj,5.0
blOg,0.0
hAk,399.0
blOm,15.0
blOn,586.0
lOkt,187.0
blod,0.0
blos,0.0
blot,523.0
blots,37.0
futs,43.0
blOs,14.0
blow,28.0
}p,1118.0
bluws,137.0
bl}f,149.0
bl}n,129.0
bl}s,10.0
bl}z,5.0
bl}t,549.0
bl}ts,1.0
bKn,242.0
bKN,0.0
x@l,1915.0
bOx,4.0
sxAr,80.0
bOg,0.0
klINk,310.0
gArt,104.0
sel,56.0
buf,307.0
bux,466.0
buG,15.0
lAm,551.0
sprit,20.0
j@nt,929.0
Got,2.0
bug,16.0
jOsk,78.0
st|n,1494.0
st}t,4.0
w}rm,53.0
hMd,48.0
fINk,3.0
wKt,774.0
GOrt,0.0
oxst,396.0
bum,389.0
rAN,688.0
bun,7.0
lOft,1593.0
dern,1.0
Ext,72066.0
h}xt,39.0
h}f,998.0
N@ns,5.0
kas,1312.0
knap,450.0
knLst,1.0
kn}l,2439.0
kOst,3748.0
krKt,555.0
krux,426.0
l},14218.0
sxrom,17.0
Ses,3.0
slIm,4901.0
slyw,175.0
st}lp,9.0
trin,22.0
vAg,379.0
zAg,215.0
lyw,70.0
nus,1.0
burs,12.0
burt,17.0
but,22.0
fet,347.0
psAlm,63.0
vrin,9524.0
run,1.0
bOf,319.0
kOnt,605.0
Gart,139.0
hems,23.0
h),1.0
mj),0.0
mjE,0.0
bOj,1231.0
bwA,10.0
bOgz,35.0
s@rs,7.0
mEtS,174.0
huks,18.0
bOlk,14.0
kAf,38.0
knAk,11.0
trL,522.0
hAp,804.0
snut,15.0
pram,4.0
bOls,3.0
vik,0.0
wik,26.0
sxErf,64.0
trEx,23.0
nj),0.0
bOndz,1.0
bOnts,30.0
kotS,1393.0
Elf,1267.0
rANk,22.0
stak,155.0
bONk,56.0
fen,0.0
b<,46.0
foj,481.0
bOns,147.0
bOnd,0.0
kep,154.0
kl|rt,77.0
trEp,11.0
boG,4.0
fris,58.0
wElf,17.0
gi,117.0
sx|t,26.0
boxs,0.0
r}rx,444.0
r}r,264.0
fOrs,59.0
krLn,14.0
vAlk,114.0
Ert,33.0
boN,0.0
tje,11.0
sxElb,8.0
spIl,32.0
boz,32.0
buts,47.0
bots,39.0
hak,619.0
rAks,14.0
l),86.0
Gas,1.0
nalt,399.0
bOrx,911.0
bOrG,0.0
strOp,191.0
bOrn,7.0
bOrm,0.0
bOrzd,35.0
kr<l,13.0
bOrz,0.0
nIx,45.0
kwal,133.0
bOrs,24.0
bOz,44.0
bram,4.0
dLf,336.0
x|r,1081.0
x|s,0.0
pen,12.0
Ll,158.0
bOd,3.0
mAls,49.0
span,76.0
sprIts,0.0
vlot,596.0
wax,853.0
zAxt,1148.0
mLl,222.0
bOts,19.0
luf,20.0
krak,116.0
dwar,17.0
bMd,0.0
g),6.0
vil,36.0
ZI,0.0
jOm,31.0
ZwA,41.0
vje,1.0
ket,52.0
korts,774.0
lIft,2940.0
rKp,397.0
stOp,13621.0
dult,22.0
zKl,415.0
mElt,464.0
numt,1671.0
Grep,156.0
GrOnts,212.0
mats,21.0
wal,4.0
v@nst,0.0
vEn,1374.0
zes,17.0
vin,0.0
d@N,0.0
kAlf,146.0
kOt,429.0
skMt,128.0
brad,13.0
brat,71.0
Zy,1708.0
spIt,79.0
braf,880.0
braj,0.0
bAnts,0.0
brAk,922.0
bren,14.0
dren,1.0
tr}st,34.0
wO,3357.0
SIN,0.0
stEN,7.0
brAN,152.0
brAnS,99.0
brAnd,1059.0
p}nts,2.0
stOv,26.0
brEk,681.0
fOs,32.0
hElm,500.0
zEr,279.0
wOnt,3689.0
brEn,377.0
sAlf,6.0
swAm,2.0
brAs,54.0
brAz,1.0
S),127.0
brAt,2.0
v@rt,5977.0
brek,115.0
dMn,162.0
brit,0.0
S@s,0.0
bret,305.0
bred,5.0
breks,0.0
brel,0.0
brew,0.0
ver,6336.0
brKn,764.0
brKm,1.0
prim,42.0
brEm,0.0
rap,447.0
brEms,0.0
brEs,30.0
tuns,0.0
tOns,4.0
br|g,3.0
brItS,138.0
brIt,24.0
drAjf,85.0
SpEl,1.0
Spe,0.0
briv,1.0
bris,122.0
brIk,33.0
brIl,2275.0
brI,42.0
jot,5760.0
brINk,3.0
m@n,2969.0
SIp,3.0
jOS,1.0
sAnd,0.0
brIs,0.0
zIl,1053.0
brIts,0.0
brOS,73.0
Sy,144.0
brOt,0.0
brud,6.0
mort,9373.0
twIst,84.0
bruts,1.0
stof,150.0
bruj,108.0
mEst,207.0
xEsp,42.0
hoj,276.0
brugz,1.0
bruks,12.0
brOks,0.0
brOm,112.0
bron,0.0
brON,20.0
brOns,68.0
brOnst,1.0
drON,4079.0
xran,248.0
krLm,0.0
mIks,187.0
n}x,540.0
sun,788.0
wKk,635.0
brom,27.0
bros,43.0
brots,17.0
brOs,15.0
kLf,15.0
brMw,110.0
GAst,115.0
br}G,16.0
brLt,1076.0
GOm,527.0
brLdz,16.0
brLts,227.0
xIft,215.0
sxAt,11866.0
brLg,211.0
lOvdz,1.0
lOfts,11.0
brLm,7.0
brLN,3.0
brLs,7.0
br}l,32.0
br}nS,46.0
br}n,32.0
bry,1008.0
br}S,0.0
s@ls,16.0
br}t,2.0
brysk,12.0
brys,2.0
bryt,149.0
g}m,31.0
tM,277.0
b}xt,1.0
b}k,1.0
r@m,151.0
b}d,297.0
ZEt,308.0
ZEd,0.0
ZE,19.0
bLx,40.0
j@x,9.0
bLg,22.0
xrip,338.0
spek,130.0
rAl,9.0
bLt,481.0
bens,4.0
Ex,859.0
kur,93.0
sxols,5.0
t@nst,0.0
tLG,17.0
zOrxs,60.0
b}ks,19.0
b}gz,0.0
Gars,0.0
b}lk,6.0
b}lg,0.0
t),497.0
SIt,4319.0
b}lt,149.0
b}N,284.0
b}nt,0.0
b}ps,1.0
b}rxt,36.0
tr@s,0.0
tAkt,4990.0
d|xt,423.0
sxAps,97.0
tr}t,1766.0
wes,10571.0
xraf,987.0
foxt,6.0
b}rG,0.0
rKN,4.0
lEsk,0.0
f|r,1603.0
f|,98.0
Zir,249.0
bys,30.0
b}t,295.0
b}ts,12.0
flAj,53.0
byrd,3.0
bAj,325.0
kEp,1062.0
tEsk,22.0
tj),0.0
brEt,0.0
lOt,2928.0
kAS,47.0
SOt,315.0
dEns,18.0
kAd,1.0
drIst,0.0
SAn,431.0
k),19.0
j}n,0.0
kek,471.0
t|s,92.0
fly,147.0
s}l,363.0
kOl,572.0
G}rl,3.0
f)r,116.0
mAm,6877.0
b)r,77.0
nIt,163.0
n|r,1319.0
stIft,335.0
fle,21.0
nil,95.0
pES,0.0
p}s,589.0
des,5.0
j|s,4585.0
dIt,207183.0
b@s,816.0
nOm,8.0
vAs,316.0
tso,180.0
ut,63.0
Suk,0.0
tSi,282.0
S|s,121.0
SOn,168.0
nje,10.0
rAm,444.0
bid,6.0
dorz,0.0
jEs,148.0
jax,11.0
tuS,15.0
st},18.0
kES,382.0
Ent,111.0
Suw,1.0
flow,1.0
rIp,106.0
tep,780.0
trat,96.0
klIs,54.0
lans,0.0
rAkt,3.0
kEtS,22.0
S@r,274.0
xet,0.0
xy,3.0
g}t,1.0
kAts,0.0
tKdz,173.0
drOn,26.0
fan,13.0
fam,57.0
lOjt,10.0
vat,378.0
mEm,58.0
bran,11.0
tEks,89.0
strAf,2543.0
vOxt,711.0
mEnd,0.0
fux,0.0
tMr,6.0
GOlf,69.0
f(,28.0
lINks,3342.0
bral,7.0
njel,14.0
nj|s,1.0
vIks,9.0
g@,229.0
SAl,0.0
don,0.0
dews,0.0
kup,85.0
k}rk,75.0
SAN,0.0
wIt,3035.0
ot,21.0
SAr,1077.0
tSAl,115.0
st@n,115.0
m|r,471.0
xAr,525.0
vrAxt,1265.0
tSes,2.0
f|rs,1.0
tSE,455.0
tSEk,33.0
tSe,111.0
d|,269.0
m}r,64.0
SEg,59.0
SEr,1987.0
r}p,243.0
tSEs,131.0
filt,15.0
j@t,0.0
vrOn,28.0
Sik,191.0
tSIk,102.0
tSif,0.0
fOn,235.0
Sin,0.0
xKl,25.0
tuts,226.0
jAst,14.0
m),2.0
SIm,82.0
tSIn,8.0
tSI,8.0
nwa,0.0
SInts,5.0
tSIp,639.0
tSIps,409.0
xlor,50.0
plAst,0.0
Sok,13.0
tSMw,4.0
xrEs,0.0
xrIs,0.0
t@N,0.0
t@m,129.0
som,14.0
xrom,58.0
puts,157.0
xri,652.0
tS}t,10.0
slOt,2431.0
dris,11.0
tsiN,1.0
tSEn,1.0
kum,64.0
klMn,517.0
k}z,6.0
dOmp,2.0
fAnt,546.0
trun,265.0
trum,5.0
truN,3.0
tr}s,3.0
frLt,598.0
Z@n,296.0
j|r,790.0
klem,173.0
kl)r,2.0
skyr,23.0
vwA,47.0
klEn,138.0
klAn,84.0
klAk,46.0
klES,20.0
sIk,52.0
klMs,128.0
fop,4.0
klefs,2.0
klin,238.0
hMs,4.0
klKs,0.0
kl}r,0.0
klIk,63.0
klIntS,15.0
klIp,123.0
mAp,204.0
klik,3.0
klo,1401.0
klwA,0.0
zEd,20.0
klu,64.0
nEsk,2.0
klyb,7.0
kl}b,0.0
kot,106.0
wAk,22.0
wAt,1989.0
wAp,1.0
wAks,0.0
spEn,393.0
j@l,25.0
lMntS,71.0
vlAx,780.0
sil,286.0
pje,66.0
wEk,1.0
kOG,41.0
xrOx,12.0
xrOk,0.0
h@,6.0
hOrt,28.0
koks,9.0
lEps,0.0
skri,8.0
hENst,300.0
lOs,9881.0
kOlt,119.0
l@m,155.0
bAjn,7.0
bl@s,0.0
mIk,300.0
S@l,248.0
miz,0.0
wEls,0.0
myn,235.0
pAkt,2779.0
pAg,2.0
dIsk,182.0
jis,0.0
kym,0.0
jOt,145.0
plet,1529.0
pl@,5981.0
plEt,31.0
zit,4.0
pMnt,2.0
pMn,0.0
kOmp,0.0
pju,2260.0
styrt,13.0
s}rtS,239.0
twa,0.0
kAmp,2268.0
zwAk,2026.0
Knd,166.0
s}rn,26.0
dom,346.0
dwi,5.0
jOr,1073.0
flIk,334.0
w|s,83.0
fr),0.0
fys,159.0
ga,151.0
Gry,5.0
sEnd,285.0
kwEnt,75.0
rAns,0.0
sOls,0.0
z}lt,9624.0
tAgd,0.0
stort,2573.0
lEns,236.0
r),29.0
trAgd,27.0
trAkts,0.0
trAst,46.0
trAs,226.0
tr@,6.0
trK,402.0
n}r,2.0
vEk,40.0
vEnt,8700.0
tit,215.0
v}r,5.0
vIk,147.0
wOp,0.0
rAjt,9.0
rAj,90.0
rOj,7.0
n@d,25.0
kOrn,524.0
fleks,163.0
kOrbz,15.0
kOrp,17.0
rEkt,3989.0
mir,160.0
t}rn,34.0
tItS,19.0
kMtS,5.0
lwar,0.0
lOmp,125.0
p|r,3.0
rje,9.0
v)r,33.0
krEk,264.0
krE,642.0
krEm,8.0
krENk,13.0
pyl,17.0
krES,283.0
kr<,1.0
krim,0.0
kArt,455.0
d}nt,4.0
kr)m,0.0
kr),0.0
jols,13.0
sot,0.0
krEp,0.0
krEb,0.0
kru,315.0
krIk,0.0
s@z,0.0
n@_,169.0
krIsp,9.0
krwA,25.0
krOz,0.0
tAlk,100.0
kry,270.0
krus,253.0
kr},213.0
kr}s,0.0
kr}ks,9.0
krIpt,6.0
krIp,121.0
tSAr,0.0
dAs,1034.0
bans,3.0
pos,319.0
vAr,1478.0
vlut,1275.0
nIm,25.0
N}s,9.0
k}p,66.0
mAtS,0.0
prit,14.0
z}z,0.0
tArt,9.0
k}t,574.0
jaN,21.0
klam,0.0
klis,3.0
klop,43.0
stil,53.0
p@rs,117.0
dats,3.0
dad,160.0
@m,16.0
@n,786121.0
GInts,240.0
jLst,11738.0
lANs,9470.0
trEnt,218.0
strAks,8575.0
das,5.0
dAG,2412.0
l@ks,3126.0
naxt,13.0
GEl,223.0
pMw,42.0
tak,1907.0
gE,0.0
dem,43.0
dAg,2.0
xot,417.0
pAns,0.0
spAnt,71.0
fOrst,4.0
hur,2510.0
styw,48.0
m@s,187.0
m@z,2.0
weg,24.0
hErt,271.0
dAmb,0.0
p@x,8347.0
krINs,0.0
dAr,851.0
snar,35.0
dArts,54.0
t}lp,21.0
prAj,591.0
zElv,8356.0
dMw,61.0
vIt,12.0
dEd,219.0
dil,2471.0
Gon,2.0
Ox,5262.0
deG,3.0
dje,22.0
hEp,314970.0
den,0.0
dens,0.0
jEns,0.0
dEf,91.0
Z|,8.0
dEg,20.0
xlas,390.0
sx}p,8.0
dElf,1.0
dElfts,0.0
dElvdz,0.0
lwA,6.0
d)n,8.0
ljEf,0.0
strer,1.0
dEm,71.0
dEmp,0.0
rIm,153.0
t}xt,171.0
wMt,433.0
nEns,0.0
ZAnt,2788.0
jer,133.0
Grats,31.0
jars,522.0
rANs,111.0
wIS,5.0
zAs,10.0
tr|s,10.0
dEz,7.0
f@nt,491.0
s@n,180.0
Gr@,4.0
zEs,10048.0
lKks,403.0
vraxt,5043.0
wEnst,319.0
zAjn,38.0
zAj,14.0
dEsk,5.0
nots,239.0
dANks,1499.0
s)r,241.0
z@n,46350.0
lAxt,0.0
d@ls,584.0
_us,71.0
d|Gd,0.0
d|k,118.0
d|n,81.0
drA,42.0
plot,0.0
v@k,0.0
pjEs,0.0
von,0.0
vot,12.0
_u,0.0
wKl,7579.0
Gno,281.0
GnOs,12.0
mAnd,1.0
vju,240.0
dIGd,2195.0
dIG,141.0
xru,3367.0
sort,9831.0
dIGdz,0.0
zKnt,0.0
jet,406.0
jed,0.0
mIt,50.0
dim,54.0
sxOrt,123.0
dinzd,69.0
dinz,5.0
dins,60.0
maxt,992.0
dip,3736.0
dib,1.0
t@lt,197.0
vjuw,772.0
pas,116.0
friz,0.0
dits,0.0
Ser,9.0
f}n,191.0
dIf,20.0
ZAm,0.0
dKg,0.0
hem,6.0
dKgz,0.0
sxMw,151.0
dIg,9.0
w@ls,142.0
ZAn,70.0
dIm,3.0
N@s,192.0
_E,63.0
dInz,1089.0
dAxs,311.0
zam,4659.0
jOp,0.0
tas,0.0
jOk,12.0
wit,171.0
dIp,24.0
rEg,23.0
dIrk,131.0
dizg,1.0
djO,1.0
dIzg,2.0
zir,5890.0
pyt,30.0
vINk,35.0
tINk,1.0
trIkt,393.0
trIk,40.0
trIgdz,2.0
trIkts,18.0
vAm,1072.0
dEnd,0.0
lEnd,0.0
_a,0.0
_A,0.0
_Ak,0.0
_e,0.0
ruk,2.0
_i,7.0
_It,0.0
rats,472.0
tOrz,0.0
tOrs,9.0
dux,57.0
@t,1068427.0
sElf,319.0
duj,716.0
dum,71.0
dumz,3.0
dus,8.0
f@x,68.0
dOft,6.0
dOG,10.0
t@rz,32.0
lart,0.0
drist,7.0
drIf,64.0
Grax,461.0
dOlk,244.0
hOndz,70.0
mKN,2.0
nez,0.0
j@n,65.0
prost,937.0
spitS,542.0
vlax,52.0
GM,0.0
Grun,21.0
dOns,54.0
dOnz,3.0
dot,46594.0
dod,671.0
vM,1645.0
Ern,1476.0
rert,63.0
kAlm,3189.0
l|k,26068.0
dots,868.0
dodz,770.0
dotz,2.0
smAk,85.0
snIk,213.0
stOn,17.0
stLp,18.0
mujt,272.0
swAk,3.0
swK,8.0
dof,1051.0
doj,89.0
dok,205.0
dog,0.0
dol,213.0
dops,9.0
weks,0.0
drAm,4.0
drEN,26.0
strIp,310.0
Gans,76.0
GANs,88.0
trIpt,0.0
zAkt,280.0
kKg,11.0
knet,0.0
kMt,4792.0
nAt,1557.0
dorm,3.0
slant,22.0
slA,480.0
smer,1911.0
spE,3486.0
wad,2.0
wekt,76.0
wrOxt,1.0
zeft,34.0
zwI,5.0
dOrps,54.0
dOrbz,2.0
dOrs,24.0
dOrz,0.0
bl|r,0.0
bly,15.0
duS,1000.0
SEl,17.0
dMns,38.0
kso,0.0
drad,37.0
draG,359.0
klAmp,19.0
krAGd,54.0
draj,3147.0
kOlk,34.0
drak,745.0
drAp,15.0
b@x,43.0
drAf,21.0
drEg,4.0
GO,24.0
dr)n,6.0
dr),24.0
t}rx,0.0
drANg,0.0
drAs,103.0
dr<,8.0
dref,274.0
drEx,2.0
drKG,11.0
drKx,3.0
drEk,31.0
drENg,0.0
drENk,0.0
drEt,0.0
dr|,34.0
dr|n,213.0
noj,309.0
drats,17.0
tAx,270.0
hov,268.0
kwArt,1095.0
mKls,0.0
xrEns,1761.0
mKl,724.0
pIts,1.0
stafs,0.0
stAr,1275.0
trAps,2.0
naf,18.0
vMt,161.0
w@x,2431.0
drIvd,10.0
p}ls,141.0
drKv,0.0
stAN,109.0
drIl,44.0
drINg,24.0
drINk,81.0
drAjv,69.0
druf,89.0
xes,1033.0
drus,0.0
drOG,3.0
GIst,46.0
drOl,169.0
drOm,0.0
m@ls,251.0
prL,160.0
swir,0.0
drop,16.0
drOp,93.0
drOps,5.0
p@ls,28.0
drOS,0.0
sart,0.0
drOst,0.0
dry,0.0
dryg,0.0
dr}g,43.0
dr}ks,31.0
slav,189.0
drLl,40.0
star,210.0
trost,631.0
pErz,64.0
dr}m,160.0
stIk,269.0
dr}p,59.0
dr}ps,0.0
drAj,18.0
_In,47.0
d}p,19.0
dAks,0.0
kEpt,113.0
mOl,354.0
blun,8.0
d}f,27.0
f@ls,0.0
d}g,21.0
dLx,0.0
dLk,481.0
bod,0.0
dLm,522.0
dLms,0.0
zLx,18.0
dLN,0.0
dLst,0.0
dLt,37.0
dLd,0.0
v@ls,381.0
v@lz,3.0
naj,111.0
z@nd,3.0
x}l,467.0
GMt,14.0
dAlf,0.0
d}l,568.0
d}ld,4.0
d}mp,179.0
d}n,410.0
d}Nk,143.0
plik,23.0
dyp,0.0
d}rf,2082.0
d}z,15.0
d}t,318.0
d}ts,0.0
wum,0.0
dwal,92.0
dwas,1096.0
dwArs,1253.0
dwArz,105.0
strept,22.0
dwAr,4.0
sxeps,137.0
dwe,28.0
dwep,6.0
dwKl,74.0
dwErx,411.0
dwErG,2.0
Kk,72.0
dwEr,0.0
flAs,0.0
mid,0.0
nAst,6.0
Ep,61.0
Eb,0.0
xO,1779.0
EGd,10.0
klIps,49.0
sem,30.0
GEr,0.0
hoG,176.0
smet,71.0
smed,6.0
smIt,168.0
wAjs,13.0
ed,68.0
ets,0.0
elt,33.0
el,2.0
end,0.0
kros,0.0
zIns,77.0
fAg,0.0
r@G,16.0
sonz,33.0
sons,34.0
ens,65579.0
enz,0.0
stEmt,337.0
klAps,15.0
stens,0.0
tErm,306.0
twe,52061.0
zad,15.0
bidz,0.0
ers,0.0
erzd,0.0
erz,3.0
est,1.0
raj,0.0
ew,1103.0
w@G,20.0
fEgd,27.0
gar,20.0
G@ls,44.0
hEt,8932.0
GlAn,0.0
trIp,408.0
GIp,8.0
GAns,2.0
v@nd,0.0
sxElp,64.0
strLf,1.0
dOmz,6.0
dOms,11.0
makt,13162.0
rum,411.0
GlAns,0.0
GAl,19.0
las,3062.0
m@N,357.0
m@m,66.0
sprInt,51.0
sp}rt,5.0
Kns,5.0
wId,3.0
brIst,0.0
nOks,0.0
gAn,0.0
trik,95.0
Elv,112.0
t@xst,0.0
Elft,0.0
lIk,89.0
Elk,6244.0
mMw,190.0
Gud,49.0
l@ns,36.0
Elms,2.0
Elp,0.0
Els,29.0
pw),0.0
rAlt,22.0
GrAn,4.0
m}l,263.0
nAks,0.0
drer,0.0
krin,2.0
Zik,58.0
nIG,30.0
n@xst,13.0
ENk,2.0
ZAs,193.0
ZAst,479.0
Antr,1.0
vAj,10.0
vort,1103.0
vorts,60.0
zim,34.0
hArp,84.0
pik,271.0
GlO,1.0
pOk,16.0
kw@,0.0
kip,9.0
lId,76.0
zLl,26.0
Erv,11.0
t@xt,185.0
pAx,9.0
prIns,2051.0
Erx,32762.0
ErG,0.0
Ernst,255.0
rOs,176.0
rOr,9.0
sAts,0.0
xruf,55.0
fKt,1959.0
p|l,14.0
Ez,18.0
gos,11.0
lap,0.0
drOns,0.0
rMt,10.0
Esp,12.0
saj,1397.0
blIS,7.0
tet,3.0
pOp,1616.0
Et,79.0
t@z,7.0
nOl,17.0
Ets,15.0
Edz,0.0
twi,4.0
|,136.0
Lk,0.0
nyk,0.0
|r,1.0
Sek,71.0
trOl,83.0
fl@s,0.0
sON,150.0
kni,753.0
nAxts,2.0
wIx,121.0
wIGdz,2.0
wIxts,33.0
Gles,0.0
zwKn,413.0
vrit,0.0
sAkt,437.0
Arx,0.0
xat,5.0
Egz,2.0
sErpt,0.0
tSenS,15.0
sky,730.0
skys,1043.0
trys,0.0
pl)r,0.0
sEmpt,0.0
pOrd,7.0
prEz,7.0
tErn,97.0
tIr,1.0
vErt,20.0
strem,389.0
trIn,3.0
z@lz,0.0
z@ls,8.0
Ef,399.0
fas,0.0
briks,15.0
brigz,0.0
sxor,253.0
l|s,45.0
fAs,207.0
fes,969.0
rer,19.0
fed,6.0
jit,381.0
fek,23.0
kIr,12.0
lANks,7.0
p@s,137.0
m|s,3.0
GrAf,33.0
fEN,42.0
vEst,411.0
fArm,82.0
sLt,0.0
rINks,4.0
SIs,86.0
SIst,111.0
fAzd,3.0
fAts,69.0
suns,4.0
fMn,33.0
v|r,3.0
fAks,0.0
tS@r,7.0
rAst,944.0
fid,1.0
feks,83.0
fezd,1.0
fez,133.0
drLs,5.0
wul,4.0
fr|xt,1.0
low,57.0
fEls,1.0
nin,0.0
Grik,0.0
nIks,36451.0
vErf,674.0
fEp,7.0
fErm,8.0
tiS,39.0
f|t,2.0
jAt,725.0
br|s,0.0
bril,0.0
S@z,0.0
fild,0.0
fidz,3.0
fitz,0.0
fIf,53.0
fKm,15.0
fKN,46.0
spAr,36.0
fAjl,216.0
Gran,2.0
gr),101.0
skrIpt,855.0
trer,1.0
fAjn,0.0
n@S,155.0
GrIs,0.0
fIns,0.0
fInt,17.0
fIrn,0.0
fIt,433.0
fIts,1.0
fjOrt,6.0
fjOr,0.0
k}st,2020.0
flEg,6.0
ston,6.0
fl)r,41.0
bew,0.0
flem,3.0
lEmp,0.0
mEN,129.0
flANk,85.0
flAN,3.0
flAb,50.0
flap,12.0
flEp,0.0
flArt,2.0
flES,139.0
flM,407.0
w@rt,81.0
flit,0.0
ow,0.0
sels,0.0
flEG,2.0
flEns,11.0
flEn,0.0
flEts,12.0
flEdz,0.0
flI,1407.0
floj,13.0
flINk,1730.0
flIN,5.0
flInt,0.0
flIp,46.0
sAjt,14.0
fl}rt,190.0
fl}r,289.0
S@n,24.0
flIdz,0.0
wem,0.0
flup,3.0
flurs,18.0
flON,1.0
fl}d,0.0
lAjt,19.0
flor,0.0
flOp,94.0
gol,141.0
flMs,0.0
tSArt,0.0
flOks,0.0
fl}k,7.0
flLm,12.0
flLs,302.0
fl}ks,0.0
fl}s,0.0
fl}t,15.0
flyt,0.0
fl},0.0
fna,0.0
fnL,2.0
dral,85.0
fuf,0.0
fuj,63.0
gOn,7.0
f|n,0.0
fOg,2.0
fok,7.0
fOndz,0.0
xEl,550.0
fON,27.0
niw,10567.0
tKN,2.0
fOp,13.0
spen,34.0
rest,0.0
rEns,3.0
rInt,60.0
nLs,144.0
fOz,0.0
xen,173539.0
fOt,8.0
wM,751.0
pjer,2.0
drwA,0.0
fOks,300.0
trOt,149.0
fwA,80.0
fraj,280.0
Gil,45.0
frE,6.0
frAm,14.0
frem,77.0
frAn,515.0
frEn,0.0
tSAj,0.0
frAN,103.0
frANk,4578.0
frAnz,0.0
sos,3.0
frA,18.0
frAts,0.0
frAt,1.0
frik,420.0
tret,0.0
frEs,6.0
frEt,31.0
frOj,9.0
fr*,1.0
frIk,25.0
frit,149.0
frI,479.0
frIs,559.0
frIz,244.0
frIt,0.0
vol,13.0
fr|,0.0
frwA,0.0
frOk,0.0
frOnd,0.0
spis,39.0
frOns,17.0
fru,4.0
fr}k,7.0
fry,0.0
frLd,2.0
fr}l,0.0
fr},11.0
fr}s,233.0
fr}t,4.0
ftal,0.0
fti,0.0
f}k,11.0
fLf,131.0
ful,27.0
spit,277.0
tAjm,218.0
f}l,295.0
f}lp,0.0
f}nt,15.0
f}N,31.0
z),0.0
f}st,5.0
f}s,129.0
fyt,3.0
tOf,583.0
xaf,1722.0
xaj,14.0
xal,25.0
xap,17.0
xart,1.0
xas,46.0
xaz,0.0
gEd,140.0
ZIt,140.0
gEk,2.0
xAk,4.0
slaf,792.0
xAlx,110.0
xAlm,3.0
m}x,99.0
gAm,3.0
xAm,1.0
bIr,0.0
gem,224.0
Gren,23.0
gEN,349.0
n@f,0.0
xAns,258.0
xAp,0.0
xArt,2.0
xArv,0.0
xArf,0.0
gu,140.0
zuns,7.0
zunz,0.0
hOs,518.0
gAs,0.0
jEr,0.0
xK,577.0
xluj,28.0
pok,76.0
tOrt,6.0
r|k,85.0
fOntst,0.0
tKl,7.0
gM,0.0
xMw,2652.0
xM,1470.0
ge,137.0
z|s,0.0
bert,28.0
tert,921.0
vert,916.0
Gert,27.0
zert,677.0
mert,393.0
p@lt,163.0
Armt,3.0
sert,622.0
bant,6.0
bAgz,3.0
xE,1579.0
bEdz,16.0
hMwt,6.0
bent,0.0
bEft,18.0
bEkt,6.0
bElxt,1.0
dKt,2.0
d@n,27.0
bIdz,2.0
bler,0.0
bl)r,0.0
blOkt,14.0
bl}st,42.0
x@lt,63.0
bOdz,0.0
buxt,0.0
boxt,0.0
brAl,6.0
brukt,0.0
jert,109.0
frin,28.0
brLks,64.0
brLgz,0.0
brLnt,28.0
bLkt,3.0
bLlt,0.0
b}kt,61.0
trert,311.0
klont,0.0
fert,3.0
pert,18.0
wert,27.0
daG,79.0
Sert,27.0
dKst,348.0
dEmpt,14.0
Zert,1.0
dox,0.0
draf,1.0
drAxs,74.0
drAGs,0.0
drAGz,5.0
pL,95.0
drEns,1.0
drOxt,110.0
d}rft,62.0
dwO,754.0
ert,0.0
GOrs,0.0
pElt,6.0
xep,0.0
xeps,0.0
xer,12.0
xez,46.0
xew,13.0
fast,0.0
Gap,1.0
GAk,0.0
GAlm,3.0
GAp,1.0
Gew,0.0
v@nz,6.0
Gir,21.0
GIl,124.0
GlAnst,0.0
zyrt,7.0
Gl|ft,0.0
GlIm,0.0
GlIn,0.0
Gluj,0.0
Glyr,7.0
GnI,4.0
GOlft,8.0
GOmt,0.0
GOns,6.0
Goj,11.0
Graj,0.0
Grift,9.0
Grin,4.0
GrKns,1.0
grIlt,2.0
Gruft,0.0
GrOl,0.0
GrOm,31.0
hajt,28.0
hakt,2.0
hast,3476.0
hat,6755.0
hAkt,363.0
hAgd,50.0
l@xt,131.0
n@G,37.0
hElmt,1.0
h|p,200.0
wix,180.0
hKx,17.0
hINk,1.0
slaG,67.0
hukt,0.0
hon,16.0
hornt,1.0
hors,4.0
hOts,0.0
hLft,0.0
fEst,138.0
m|rt,52.0
h}N,31.0
gAj,17.0
Kkt,2.0
Kz,306.0
strert,0.0
xKn,1243.0
xKm,3.0
n@m,4.0
Grert,0.0
gK,51.0
xKt,357.0
jANk,50.0
jK,195609.0
jul,9.0
jM,74551.0
jMw,32133.0
jLx,35.0
b@lt,1.0
kAmt,37.0
kApt,71.0
kEf,2.0
p@rt,337.0
kErm,59.0
kilt,0.0
kKf,2.0
klEts,842.0
klOft,2.0
klON,19.0
kloft,5.0
kloj,30.0
klOp,680.0
klOts,1.0
kl},176.0
knax,0.0
knAl,704.0
knArs,8.0
knErp,0.0
knIkt,5.0
knIpt,396.0
knIs,5.0
knuj,155.0
lur,122.0
fus,0.0
kraxt,0.0
kraj,117.0
krAs,109.0
krENkt,93.0
kr|kt,14.0
kr|n,29.0
krKs,36.0
krul,1.0
krust,2.0
krOmt,4.0
kront,66.0
krLp,84.0
krLst,61.0
kr}lt,10.0
xEks,0.0
k}x,16.0
kLft,0.0
kLst,4.0
tirt,1.0
kwE,270.0
kwel,3.0
kwElt,82.0
kwEtst,738.0
kwEts,73.0
kwIN,4.0
ZEl,78.0
laxt,3.0
larst,0.0
lats,42.0
tInt,43.0
lAkt,13.0
xEld,132.0
m}nt,827.0
sxit,631.0
xElts,0.0
lent,510.0
lift,5175.0
kost,2.0
lix,4.0
lKg,103.0
strats,0.0
lKnt,8.0
lOpt,0.0
luj,8.0
lONk,7.0
lov,1088.0
lofs,31.0
lovz,8.0
lovs,0.0
l}pt,0.0
lLd,159.0
lLts,51.0
lLdz,21.0
hIn,655.0
stErk,4596.0
lLmt,10.0
l}gz,198.0
l}ks,306.0
wEns,2611.0
suk,1.0
xEm,73.0
nirt,64.0
vrer,1.0
ment,1480.0
meN,4.0
mem,0.0
sxAbz,42.0
pIls,42.0
n@rt,7.0
mExt,137.0
mErkt,867.0
muts,111.0
mudz,0.0
mOm,112.0
mOrs,1.0
xEmz,0.0
xEms,1.0
m},265.0
m}tst,5.0
xEn,88.0
nag,18.0
G@lt,2603.0
ZEn,56.0
nefs,0.0
nKxt,79.0
jor,2484.0
ralz,0.0
vEld,153.0
sxAlk,122.0
nErft,0.0
n|x,0.0
n|k,35.0
nip,15.0
nid,4736.0
nux,26370.0
nuG,59.0
nOpt,0.0
nOt,363.0
xEnst,0.0
xEnt,11.0
_En,93.0
lAjk,0.0
det,0.0
oxt,0.0
loft,702.0
pAlmt,0.0
s@rt,22.0
pest,0.0
pElst,0.0
pil,19.0
pip,395.0
pIkt,324.0
plax,385.0
platst,631.0
vKt,18.0
plEkt,0.0
plOf,17.0
plOns,24.0
pl}k,128.0
pOx,1.0
pOft,4.0
turt,1.0
pral,52.0
prOpt,43.0
prLkt,0.0
pr}ts,23.0
pr}t,187.0
pr},84.0
p}f,28.0
p}r,65.0
rakt,3741.0
ras,45.0
rAd,25.0
brakt,5.0
rAsp,7.0
rAspt,1.0
xEr,12.0
rEGdz,55.0
red,72.0
kEs,42.0
rEmt,37.0
rIpt,0.0
rIGdz,0.0
rIlt,0.0
mans,18.0
rOkt,0.0
rONk,0.0
soj,1609.0
xErst,22.0
st|nt,0.0
rLs,110.0
r}k,332.0
r}n,191.0
xEs,20.0
sMst,1.0
sxart,6.0
sxept,163.0
sxElpt,0.0
sxEpt,18.0
sxid,72.0
sxIft,437.0
sxImp,2.0
sxujt,3.0
sxOft,1313.0
sxOn,221.0
sxolt,42.0
sxrAns,2.0
sxrOk,466.0
sx}pt,2.0
sxLnt,0.0
sxLf,450.0
sx}lpt,0.0
sx}ts,5.0
x@r,131.0
SIlp,0.0
SIrp,0.0
SOx,2.0
SMw,15.0
slaxt,614.0
slAxts,57.0
slAGdz,28.0
slEmp,0.0
slLp,235.0
sl}rp,10.0
smek,7.0
smert,287.0
smOkt,0.0
smort,31.0
snAp,9622.0
snMw,13.0
snErp,0.0
snuf,3.0
sno,122.0
snOr,491.0
sus,11.0
swAn,0.0
spent,11.0
spEkt,21.0
spirt,72.0
spist,1.0
spItst,15.0
sple,99.0
spok,760.0
sport,1.0
sprEks,14.0
sprEgz,0.0
spLs,82.0
sp},13.0
stax,12.0
stAlt,1.0
stAmp,92.0
ZEs,16.0
stelt,1.0
s@lt,0.0
stErn,77.0
stIkt,96.0
stuf,0.0
stuj,31.0
stomt,17.0
stOpt,3581.0
strel,8.0
strEkt,193.0
strKk,127.0
stLkt,0.0
st}m,70.0
st}n,37.0
s}b,186.0
sLs,2.0
tant,3.0
tAlm,4.0
tAls,0.0
tApt,10.0
t|t,33.0
tIkt,227.0
tjIlp,2.0
tjIrp,0.0
trent,516.0
trIl,81.0
blert,0.0
trOmp,1.0
tros,444.0
tSIlp,0.0
tSIrp,1.0
t}f,1.0
tLt,44.0
t}l,42.0
lyr,0.0
t}t,47.0
xEt,8.0
twIN,13.0
tipt,47.0
x|l,53.0
x|,109.0
}r,69.0
}rm,0.0
x|t,0.0
bik,1.0
varz,0.0
vExts,101.0
vEGdz,0.0
vKnst,4.0
vKnz,5.0
vKns,1.0
virt,149.0
vlAmt,1.0
vlKt,269.0
vlEkt,22.0
vlErkt,0.0
vlOkt,0.0
vuls,35.0
vulz,0.0
vurt,386.0
vOlG,332.0
vOrkt,0.0
vOrmt,234.0
v}lt,483.0
waxt,159.0
want,175.0
wAst,1.0
wen,16.0
wElt,1972.0
wEld,17.0
wEldz,3.0
wElts,0.0
wElv,0.0
wElft,1.0
wEst,919.0
skry,2.0
wru,106.0
wikst,26.0
wikt,0.0
z@xt,219.0
wIlt,2162.0
wIp,319.0
wIr,10.0
wOlt,0.0
wrIxts,0.0
wrIGdz,4.0
wri,14.0
wrKf,0.0
wrIk,0.0
wrut,3.0
wrO,10.0
wLf,0.0
zaj,21.0
zAx,1338.0
zAG,1.0
zAxs,4.0
zAGz,0.0
zAlv,21.0
zExt,17809.0
zEG,269.0
zKk,932.0
z|l,1.0
zIGdz,15.0
zInz,24.0
foG,3.0
zum,36.0
zuf,8.0
zOnd,0.0
zM,56.0
zLp,160.0
zwENkt,0.0
zwErf,72.0
zwEts,49.0
zwip,11.0
zwir,21.0
zwInt,14.0
zwux,8.0
zwO,188.0
zwo,414.0
gost,0.0
xIts,526.0
xIt,57.0
xik,3.0
xin,11.0
pOnt,1627.0
xirst,5.0
xid,0.0
xl|f,35.0
NEl,0.0
xIv,20.0
xIvd,0.0
xIx,15.0
xKk,0.0
xIld,0.0
gI,9.0
xIn,220.0
xInts,108.0
sEN,14.0
xInst,0.0
xIps,110.0
xIp,3.0
xIbz,0.0
_Ip,0.0
xis,123.0
swArt,22.0
giv,0.0
gla,0.0
xla,874.0
xlAt,553.0
xlA,13.0
xlad,0.0
xlAd,1.0
glE,71.0
xlAn,24.0
xlAns,94.0
xlAnz,0.0
xlAz,7.0
z@rs,3.0
lod,15.0
ik,0.0
tLm,20.0
xlM,10.0
kom,35.0
xle,2.0
xlKs,0.0
glEt,65.0
glAj,7.0
xlIt,0.0
xlIm,892.0
xlImp,111.0
xlIn,49.0
xli,20.0
xlIp,26.0
gli,10.0
xlud,104.0
xlu,199.0
het,14941.0
xlop,2.0
xlOp,0.0
xlOs,1.0
xlO,2.0
xlOk,0.0
xlL,174.0
xlLps,0.0
xl}n,4.0
xlyr,67.0
xna,0.0
xnKs,0.0
xnI,9.0
xnu,23.0
xno,4.0
xnom,14.0
xnOs,1.0
xnL,1.0
tElx,18.0
klaxt,5.0
vlukt,525.0
xOd,7.0
xry,406.0
fr}x,8.0
xud,570.0
xefs,4.0
lAxs,1.0
lers,11.0
sxIks,46.0
xuts,0.0
xus,12.0
gOj,6.0
jIm,2.0
jIms,1.0
gOjs,0.0
xOk,721.0
xOlv,100.0
gOlf,0.0
xOlfs,0.0
xOm,22.0
xON,21.0
xOns,0.0
x@m,10.0
gud,22.0
xox,0.0
xoj,3227.0
smKt,0.0
xor,130.0
dKN,2.0
gOr,6.0
xOrz,0.0
xOrs,1.0
xOrt,99.0
xOs,1.0
pit,213.0
gOs,40.0
sIp,94.0
xMd,175.0
xMts,0.0
xMtz,3.0
lArd,0.0
lAS,16.0
gur,14.0
n|rs,22.0
xrad,2.0
xrax,25549.0
xraj,2.0
xral,220.0
xram,0.0
xraN,5.0
xrA,6397.0
xrAxt,69.0
xrAx,0.0
tIm,0.0
xrAv,50.0
xrAf,1790.0
sxEnt,0.0
tErp,0.0
sErk,7.0
xrAm,282.0
fom,220.0
nad,8.0
tEts,0.0
xrAn,117.0
grAn,8.0
jos,77.0
xrAp,5913.0
grep,63.0
frut,63.0
xrAz,1.0
hAlm,24.0
maj,36.0
fIlt,0.0
fje,0.0
gra,2.0
spExt,22.0
xrEp,0.0
xren,332.0
grin,332.0
griN,1.0
gri,23.0
nItS,0.0
xrKn,51.0
dirs,0.0
xrEnz,0.0
xr),0.0
xrEz,0.0
xrik,0.0
xriks,0.0
xril,0.0
xrint,2.0
xrind,0.0
prIk,255.0
xris,5.0
xrit,818.0
xrif,7.0
xrIf,24.0
fun,3.0
xrIft,0.0
xrKns,143.0
zart,0.0
xrKp,1275.0
xrKz,3.0
xrIl,53.0
grIl,99.0
xrIm,29.0
grim,14.0
xrInt,30.0
xrIn,0.0
xrInd,1.0
xrIp,97.0
xrIt,2.0
xrIz,15.0
xruv,0.0
xrum,3.0
xruN,0.0
xrups,100.0
xrubz,10.0
xrus,0.0
xrOv,0.0
xrOf,544.0
tint,0.0
grO,10.0
xrOl,2.0
xrO,61.0
xrOm,17.0
xrOnd,370.0
sOp,38.0
stju,229.0
wEts,525.0
xrot,12300.0
xrod,124.0
xrots,858.0
s@G,0.0
stets,20848.0
stIn,27.0
xrOs,15.0
sirs,17.0
xrOt,763.0
xrOd,2.0
gru,47.0
xrLz,0.0
xrLs,9.0
xrL,1.0
xr}t,12.0
xr},68.0
xryw,0.0
gry,0.0
strINs,0.0
gwa,16.0
gwe,2.0
xL,1.0
hKl,398.0
gIm,0.0
gwi,4.0
gir,1.0
xLt,0.0
x},193.0
d@z,151.0
x}lp,77.0
z@G,3.0
x}m,21.0
x}nzd,0.0
x}p,3.0
x}st,28.0
x}ts,3.0
xyr,5.0
xImp,0.0
haxs,0.0
rOx,63.0
hag,2.0
haks,228.0
sxref,1867.0
ham,0.0
hard,0.0
kim,48.0
kr}l,44.0
kwAl,78.0
plLs,67.0
snIt,20.0
spEld,2.0
splet,166.0
vlExt,29.0
wrON,7.0
zef,25.0
zElf,50757.0
haf,0.0
krAts,22.0
tAt,246.0
hAx,171.0
hAtS,5.0
hAf,108.0
hAft,2.0
Ik,1744376.0
hAj,841.0
h)r,9.0
stAj,6.0
hAg,27.0
jon,21.0
lEl,121.0
hAlv,240.0
lex,3118.0
nakt,1518.0
slet,9.0
slets,0.0
yrs,0.0
sAxt,4.0
l@l,0.0
Gruf,0.0
hAlz,215.0
j}k,47.0
flExt,0.0
hAlt,765.0
pl}x,48.0
hAnd,788.0
blys,0.0
flot,23.0
N@rz,8.0
lKN,11.0
mOf,91.0
dr}x,0.0
hEnts,33.0
sxuN,26.0
spak,21.0
N@n,57.0
hEN,10.0
hAns,353.0
pAks,19.0
hArd,595.0
kokt,39.0
fOx,37.0
w)r,260.0
r@r,179.0
spet,139.0
vlet,21.0
kKm,0.0
kKns,14.0
pun,673.0
pLs,2.0
hArz,0.0
hArst,5.0
fArkt,49.0
nyt,1868.0
hArts,234.0
hAS,162.0
Sis,17.0
hAt,3.0
hos,6.0
nAns,9.0
v@m,16.0
v@N,2.0
hEv,23.0
nOts,0.0
mMt,81.0
vIgz,0.0
zArt,42.0
strIk,534.0
hEd,16.0
h}n,33114.0
hit,31.0
brews,0.0
hEG,14.0
krAm,3.0
heft,159926.0
hLts,148.0
hemst,0.0
heN,298.0
hep,28.0
s@rz,64.0
hed,1.0
hef,49.0
boms,0.0
fINs,3.0
hEft,116.0
tr}k,1579.0
sxap,327.0
kn|,95.0
hKlz,2.0
hKls,5.0
hKn,23.0
hKs,190.0
hEks,1172.0
slup,89.0
lIks,13.0
lens,0.0
krOxt,3.0
stANk,488.0
vex,303.0
vOrst,195.0
hEls,49.0
hEm,161818.0
hEmd,1.0
hEmdz,0.0
hEmts,0.0
m@lz,12.0
vardz,0.0
vr|G,635.0
nOp,37.0
sfe,0.0
drIk,0.0
hENs,16.0
n@p,13.0
dik,20.0
kreft,267.0
hErfst,410.0
hErvzd,2.0
hErfz,9.0
hErf,0.0
vr@s,0.0
hErfs,0.0
flax,19.0
halt,309.0
r@k,0.0
kiz,93.0
kOmzd,3.0
nL,47.0
hErn,0.0
_}N,1005.0
s@ns,1571.0
tr},88.0
tOxs,0.0
hErts,52.0
hEs,8.0
l}Gd,155.0
dOks,125.0
wElk,4040.0
h|x,1.0
h|G,6.0
h|l,8.0
h|b,0.0
jIxt,70.0
swaj,0.0
h|s,2188.0
hip,274.0
rArx,0.0
Glif,0.0
fAj,8.0
hKG,0.0
hKz,0.0
hIk,43.0
hINg,0.0
pINk,135.0
hInt,308.0
hIp,199.0
Grut,8.0
g@l,971.0
tIt,5.0
pLst,59.0
jist,4.0
hO_,4.0
huv,4.0
hug,0.0
prIs,11.0
hup,18.0
hum,2.0
huzd,4.0
huz,15.0
hOv,17.0
hOg,0.0
lArk,17.0
hol,108.0
kMst,79.0
hOlz,0.0
spat,0.0
hOm,5.0
hom,99.0
sp}n,0.0
hOmp,12.0
m}N,11.0
hOnd,3.0
trIm,0.0
pup,222.0
d@rd,20.0
fKf,35.0
strOnt,1238.0
ven,13.0
zwep,221.0
hOnts,22.0
hON,45.0
zem,5.0
hONk,230.0
hONg,628.0
knIk,81.0
mot,9.0
vIl,44.0
pKm,23.0
sKm,2.0
stArd,63.0
hof,24.0
kers,228.0
plex,852.0
hofs,1.0
sprIN,1334.0
hoGzd,1.0
hoGz,0.0
st@ns,1309.0
sxElf,0.0
hoN,2.0
hops,1.0
horm,9.0
horN,4.0
hoz,0.0
hOrk,27.0
tut,195.0
mom,1.0
hOrs,35.0
hOrst,24.0
hOt,305.0
djEs,0.0
pEnts,9.0
tOt,94.0
tOts,0.0
p}lp,51.0
sk}lp,19.0
snIp,0.0
fIm,0.0
flOt,9.0
saG,0.0
kraft,13.0
hLd,22.0
hLf,22.0
hLx,5.0
hLk,2.0
hLz,575.0
slof,50.0
flKt,1.0
fLl,11.0
h}lk,85.0
h}lb,18.0
h}lzd,1.0
h}m,33.0
b}x,4.0
h}p,644.0
p}p,152.0
h}ps,5.0
h}r,24.0
h}rk,1.0
h}d,0.0
h}ts,12.0
kut,109.0
s}p,552.0
l@gz,43.0
swEn,0.0
drAnt,63.0
drM,28.0
plan,0.0
hIm,17.0
lyk,487.0
dErn,292.0
v|s,1879.0
slANk,140.0
krit,212.0
teg,3.0
rOm,23.0
Ix,1.0
kon,48.0
j@m,5.0
fiks,1.0
il,9.0
im,0.0
ip,13.0
ir,0.0
irs,0.0
it,147.0
its,98340.0
pits,6.0
GrIm,58.0
IG,9.0
grEk,0.0
sxOts,66.0
ur,222.0
Ig,0.0
Glas,0.0
mItS,52.0
pOns,45.0
tyn,2.0
prEG,1.0
)m,0.0
prOmp,0.0
vist,0.0
brag,2.0
sEst,60.0
IntS,73.0
krMt,0.0
jas,0.0
vIx,0.0
sxrOm,22.0
Ept,0.0
GANz,14.0
najt,1.0
j|rz,1.0
j|rs,8.0
)n,0.0
snurt,4.0
wAnts,10.0
GlK,15.0
in,0.0
hMdz,7.0
tSel,9.0
kops,3.0
pAl,354.0
prEn,54.0
rLl,732.0
sxLv,18.0
sEkt,6.0
lArf,0.0
Ins,402.0
sprag,0.0
stINk,70.0
tydz,0.0
stLf,22.0
st}l,3.0
s}lt,1.0
swI,86.0
Gral,9.0
tEns,264.0
lum,24.0
san,0.0
nats,23.0
pret,0.0
p}N,19.0
rEG,331.0
trEst,14.0
trEs,25.0
}n,114.0
vlud,32.0
vluts,0.0
vl}x,3912.0
zEnt,94.0
r@z,96.0
lam,88.0
fot,0.0
pon,13.0
writ,0.0
jaG,0.0
jap,20.0
jAGd,1.0
jAG,0.0
snew,1481.0
_Ek,130.0
ZA,25.0
G@rz,3.0
bKns,0.0
kOps,2.0
sAlm,0.0
lurs,1900.0
_Em,4.0
jAN,322.0
tsar,78.0
jAns,1.0
jAp,62.0
ZAr,0.0
jAz,0.0
mos,2.0
mMs,0.0
van,158.0
vans,0.0
_Es,336.0
_Ez,0.0
_ins,134.0
_inz,2.0
_ip,337.0
jKn,1.0
_}r,228.0
_Et,256.0
j|Gd,28.0
j|G,32.0
j|x,9.0
zKns,10.0
j|xd,2.0
j|k,125.0
j|,144.0
jIx,0.0
jI,0.0
_IN,18.0
jObz,0.0
jOps,0.0
jOx,821.0
_O,269.0
krik,0.0
paz,13.0
jux,0.0
jup,0.0
jut,0.0
n@z,47.0
_Ojnt,285.0
_ok,15.0
jOl,5.0
N@z,1.0
sOt,0.0
jONs,34.0
jONst,6.0
jONk,103.0
jots,423.0
jop,10.0
jost,0.0
dans,0.0
Zul,3.0
_Oj,13.0
zEf,164.0
j}xt,0.0
j}f,313.0
f@rs,2.0
Int,9.0
g@nt,0.0
jL,170.0
jIt,0.0
j}g,11.0
_ug,1.0
mEls,0.0
_}mp,12.0
Sut,3.0
_}Nk,206.0
xun,17.0
pry,36.0
j}t,17.0
jyt,37.0
lirs,2.0
j}ks,0.0
kax,0.0
kag,10.0
kagz,0.0
kam,0.0
kaN,3.0
kap,52.0
kaps,0.0
kard,0.0
karz,0.0
kaz,11.0
stOlp,9.0
strEm,2.0
kats,5.0
kadz,0.0
jMws,0.0
nEdz,1.0
nEts,7.0
dyk,14.0
kAft,31.0
kAj,0.0
ins,0.0
jLt,37.0
jLts,3.0
mINk,105.0
kAlvz,0.0
kAlfs,70.0
us,65.0
fars,0.0
kAlg,0.0
klut,0.0
kuN,15.0
kuns,0.0
pj@s,82.0
sxEts,104.0
vKn,212.0
Ond,2900.0
sp}l,2975.0
nul,10.0
st|r,12.0
juns,5.0
pON,33.0
zwEm,1270.0
bals,1.0
nut,0.0
nON,97.0
nOns,36.0
kAnz,12.0
klErk,80.0
kAb,0.0
t@ls,0.0
mew,53.0
pOg,5.0
p@rz,0.0
prun,0.0
pLts,0.0
nalz,0.0
nals,0.0
kArn,5.0
mElks,0.0
kArm,0.0
pOls,619.0
wAts,3.0
mOt,148.0
kAz,24.0
sirz,0.0
syk,4992.0
fAlk,2.0
p}lt,64.0
tum,1.0
tuN,0.0
wIlx,9.0
swKm,7.0
kMw,529.0
G}m,190.0
wur,0.0
ken,2.0
kest,1.0
kEx,0.0
kKl,4.0
kEk,3.0
zoj,633.0
lIm,355.0
kElg,1.0
kElp,30.0
kElt,0.0
kEmp,78.0
kEN,15.0
n@rz,0.0
kErv,0.0
kErf,24.0
kErg,44.0
kErks,3.0
kErN,124.0
oft,0.0
rAmp,1433.0
strKd,155.0
sMw,0.0
kErst,5672.0
kErzd,181.0
kErz,133.0
kEsp,0.0
kEts,2.0
sn}f,56.0
k|ls,0.0
k|rs,8.0
k|s,2710.0
kEv,22.0
kId,190.0
kif,0.0
kik,14.0
zOx,25.0
kin,15.0
kiN,0.0
trIks,129.0
kiw,1.0
vitz,0.0
vits,1.0
vIdz,0.0
vIts,0.0
z@rz,3.0
kIf,9.0
kIft,1.0
pul,114.0
spOx,0.0
l@rs,1.0
bAjt,2.0
st),0.0
vOlt,68.0
kIlt,28.0
kIm,797.0
kInd,0.0
sxats,36.0
stErf,96.0
kInts,60.0
kIndz,13.0
sAjs,3.0
kINk,37.0
GErst,0.0
Snit,22.0
kirS,26.0
kIzd,0.0
kIz,0.0
kIts,432.0
kitS,16.0
klas,81.0
klAG,0.0
klAt,15.0
klAd,14.0
klANg,7.0
klAN,1.0
klAb,8.0
kwIn,10.0
ruN,0.0
klAz,0.0
klAts,1.0
kled,0.0
klev,4.0
klEf,45.0
klKm,7.0
sxrKn,11.0
klEb,0.0
klEr,0.0
klEdz,0.0
kl|ms,0.0
kl|m,1.0
kl|n,26.0
prAxt,238.0
ska,35.0
sxIf,6.0
kliv,0.0
klif,0.0
klIf,139.0
mad,6.0
m@rz,0.0
klim,0.0
klINg,0.0
klIb,0.0
klIt,12.0
klId,1.0
klIts,0.0
kluf,0.0
kluk,10.0
klOg,0.0
GAlx,0.0
klOm,1.0
klov,0.0
nirz,0.0
kl}xt,43.0
kl}x,1.0
kl}ft,0.0
klLv,0.0
klLf,37.0
klLz,9.0
kl}ns,90.0
kl}n,23.0
kl}ts,67.0
kl}t,5.0
klyt,0.0
knaG,46.0
knak,3.0
br|t,0.0
GAz,1.0
kwIk,80.0
knAp,3000.0
knAr,63.0
knAs,0.0
knMw,6.0
knEx,42.0
knEGdz,0.0
knExts,0.0
kned,18.0
knep,101.0
knKp,210.0
knEl,28.0
knEr,0.0
kn|s,43.0
knil,1.0
knir,0.0
knis,5.0
knKb,0.0
zwan,87.0
knurt,3.0
knust,1.0
knus,0.0
knut,2.0
knOf,220.0
log,16.0
knOk,68.0
vEN,7.0
knok,0.0
knops,5.0
knOr,29.0
knOrf,0.0
knOts,26.0
knOdz,0.0
kn}rft,9.0
kn}rf,0.0
kn}s,108.0
bAld,3.0
bOlt,10.0
vlaj,10.0
kug,1.0
kugz,0.0
kukz,0.0
kuks,7.0
vluj,381.0
rirz,11.0
rirs,0.0
kurz,0.0
kust,164.0
wals,16.0
swep,0.0
wAls,32117.0
kuf,0.0
kOf,1.0
l|t,15.0
vlEk,449.0
kOx,0.0
r@ls,0.0
kOz,1.0
krOn,10.0
nod,551.0
kOgz,0.0
kOks,5.0
xos,2.0
Glut,4.0
GrLs,8.0
sxEp,430.0
slIk,239.0
tIp,778.0
kOlv,0.0
kOlg,0.0
kwInt,4.0
nElz,0.0
nEls,0.0
fort,0.0
mKm,22.0
pAz,4.0
NI,1.0
nINk,1071.0
sErf,0.0
voj,195.0
kox,0.0
kog,53.0
p}nd,0.0
p}ndz,0.0
kob,3.0
mAnz,0.0
kord,0.0
kordz,0.0
kod,0.0
kOb,1.0
p@G,5.0
lip,3.0
ran,259.0
r@N,6.0
sxof,62.0
kOrv,2.0
flEx,0.0
nEd,0.0
nLt,3.0
mAjs,0.0
kOrz,0.0
kOrd,30.0
drAxts,4.0
kOrts,0.0
wonst,7.0
r}nt,293.0
kOzd,293.0
kOts,216.0
kMd,20.0
kMz,1.0
kraG,0.0
krag,29.0
kral,52.0
kraN,0.0
krAb,0.0
krAG,3.0
t@ns,33.0
krAxts,2.0
krAk,7.0
krAms,0.0
krANk,1098.0
krMw,1.0
krM,1.0
did,14.0
krev,0.0
kref,1.0
krevdz,0.0
krefts,13.0
krek,42.0
krEml,0.0
krEN,950.0
krEnt,67.0
krEn,42.0
kr|k,8.0
kr|N,0.0
krIb,0.0
krKx,16368.0
krKxs,420.0
krKGz,3.0
krKn,0.0
krKd,0.0
krIl,17.0
krImp,37.0
kruG,10.0
krup,9.0
puk,3.0
krut,0.0
krOk,2.0
krOl,0.0
krOls,1.0
tjON,0.0
krom,55.0
kroN,46.0
krost,56.0
krOp,18.0
krOb,0.0
krOt,149.0
krLd,14.0
krLb,1.0
krLz,74.0
zel,33.0
kr}g,0.0
kLv,0.0
kLs,154.0
kLt,23.0
kLd,3.0
kl}ks,0.0
kwAt,10.0
k}nzd,8.0
k}nz,0.0
nald,2.0
pMs,557.0
k}ns,1.0
ford,0.0
k}rg,19.0
Olm,2.0
slop,227.0
k}zd,2.0
smus,191.0
kyp,2.0
kwad,216.0
kwak,0.0
kwab,0.0
kwAb,0.0
kwAk,93.0
kwAg,1.0
kwAlm,0.0
kwAn,65.0
kwAns,0.0
kwAnt,0.0
kwArk,50.0
tirs,1.0
kwArdz,0.0
spOr,372.0
kwAs,0.0
kwAts,0.0
kweg,0.0
kwen,0.0
kwEk,32.0
kwEl,63.0
kwElm,0.0
kwEt,607.0
kwEdz,585.0
kwik,17.0
kwKl,60.0
kwKt,6807.0
kwKd,0.0
kwIg,1.0
kwI,27.0
kwINk,1.0
sEns,1.0
kwIps,0.0
kwIs,200.0
laG,11.0
laxs,0.0
laj,0.0
lag,6.0
sxAxt,169.0
flKm,0.0
lAps,0.0
lAG,3.0
x@nt,119.0
x@n,0.0
lAf,1282.0
lAv,98.0
lAg,0.0
vElts,0.0
lAks,54.0
lAmb,0.0
b@rts,0.0
vlur,1454.0
lAmz,27.0
lAms,67.0
fAxt,2.0
fOxt,0.0
lAndz,19.0
gust,2.0
lANz,0.0
snLt,86.0
lANst,25.0
lANk,6.0
tarm,26.0
d)r,109.0
swAns,13.0
rIks,11.0
rIgz,0.0
mwA,0.0
lAz,9.0
tam,0.0
tyw,0.0
lMw,36.0
waj,766.0
lid,9.0
liz,2.0
lEb,0.0
led,11.0
leG,136.0
lek,4175.0
spr|,2.0
lep,2.0
lez,85.0
lest,1112.0
lew,669.0
wElp,32.0
lEf,1296.0
lEv,0.0
lEg,0.0
m@t,71.0
lEnz,0.0
pr|s,0.0
pros,7.0
rars,1.0
rarz,0.0
lEz,393.0
lEst,18.0
lEts,0.0
blon,1.0
zIf,0.0
G@m,231.0
G@N,18.0
l|n,11.0
vAnts,0.0
v@z,160.0
fAd,82.0
fremt,11.0
sAt,117.0
INs,1.0
tran,124.0
lEks,31.0
xams,61.0
xamz,91.0
lIGd,57.0
lIG,17.0
smArt,88.0
b@rs,0.0
liG,35.0
lIf,348.0
lIvd,3.0
lKv,5.0
lKvz,2.0
lKvs,0.0
lKfs,0.0
lKp,20.0
zKls,0.0
lIg,10.0
lIl,85.0
muN,0.0
lAjnz,0.0
gwal,0.0
gwIst,0.0
lINgz,0.0
lInd,0.0
lIz,0.0
tMws,0.0
Zjy,1.0
lAjf,716.0
vrEt,0.0
lja,0.0
lOjts,0.0
lOb,0.0
tiv,0.0
luv,0.0
luns,3.0
lun,166.0
lOv,8.0
GAm,0.0
lOG,193.0
Zer,183.0
Zis,20.0
Grif,0.0
GOs,5.0
lOj,0.0
lOg,0.0
lOl,2499.0
m@rd,2.0
lOnt,122.0
lodz,0.0
loG,0.0
lom,21.0
loN,8.0
lons,60.0
lOr,40.0
lOrt,949.0
rEnts,0.0
njEt,0.0
lOrk,3.0
l}z,0.0
lOdz,62.0
lOts,1.0
luS,77.0
l}f,304.0
l}v,0.0
l}p,24.0
l}G,75.0
kult,29.0
mAGd,62.0
pOzd,349.0
pOz,48.0
frAxt,1.0
frAGd,0.0
wAG,15.0
fErz,3.0
kels,11.0
lLm,0.0
nAnts,0.0
rak,3676.0
l}nS,2120.0
l}n,1092.0
l}ns,2.0
l}rk,1.0
l}r,19.0
l}zd,0.0
l}t,6.0
rans,0.0
lImf,0.0
lInS,31.0
zom,183.0
maG,240.0
mers,2.0
mam,0.0
mand,20.0
vOnts,0.0
maN,5.0
mart,380.0
marts,0.0
maz,0.0
mas,19.0
tSis,0.0
trats,0.0
ned,0.0
mek,627.0
krel,20.0
mAms,196.0
_@,21.0
_@rs,2.0
SEs,111.0
mAN,267.0
dur,9.0
rOp,557.0
GaN,0.0
gis,0.0
gus,5.0
niz,3.0
mANk,118.0
f}m,476.0
slInt,5.0
nIn,0.0
tSu,3.0
Grit,5.0
mArk,1515.0
mArg,3.0
mArl,0.0
mArz,0.0
mAzd,0.0
dOnt,7.0
glAp,0.0
mAd,0.0
trAz,0.0
trKs,34.0
trIgz,0.0
mM,70.0
mEks,113.0
z}r,2.0
NINz,0.0
NINs,6.0
jam,0.0
sKN,43.0
mEd,6.0
vMts,1.0
smL,0.0
mezd,0.0
st@xt,0.0
med,17.0
mEG,0.0
mElg,66.0
n@ns,209.0
hIr,6.0
Ni,12.0
mEnz,25.0
mEp,198.0
m*r,13.0
tS@n,13.0
stem,59.0
mErg,13.0
mEz,0.0
xim,0.0
Sans,0.0
mEzd,1.0
zaG,23.0
l}rx,1.0
tans,1.0
m|x,13.0
m|k,2.0
m|n,0.0
mEk,0.0
pran,49.0
xil,0.0
foN,148.0
sxAft,25.0
d@lst,0.0
vudz,0.0
zben,0.0
mId,9.0
Z@t,9.0
mirs,0.0
mIlt,164.0
mIl,19.0
mIlg,0.0
mIlk,71.0
mil,467.0
str<,3.0
mym,0.0
SOrt,0.0
mIm,13.0
mInzd,0.0
mIr,0.0
mIrt,0.0
nuxt,13.0
sxin,57369.0
mIzd,30.0
trAl,5.0
slirt,9.0
mIts,134.0
mIdz,0.0
mIkst,7.0
tj@r,7.0
mne,0.0
GrIl,2.0
dEst,0.0
korn,0.0
mud,22.0
muf,14.0
mul,0.0
rAz,5.0
vOs,351.0
k}ms,0.0
l@N,0.0
mol,0.0
l}sk,7.0
tOv,0.0
mOls,4.0
lIb,0.0
pr)m,0.0
nArx,26.0
mOnd,41.0
mON,78.0
Gol,77.0
Gols,0.0
n@ks,20.0
nOf,0.0
strAns,1.0
str}m,0.0
mojs,528.0
mum,0.0
mord,365.0
mors,0.0
mOps,12.0
ren,33.0
vrux,13846.0
mons,4.0
fLs,0.0
mOrz,85.0
mOz,0.0
lEms,0.0
lIms,235.0
snuk,16.0
mOd,0.0
mOts,0.0
sxIld,15.0
mMd,0.0
slAp,117.0
mys,17.0
m}f,25.0
mL,418.0
mLt,0.0
m}nd,0.0
m}rw,32.0
mju,185.0
kad,0.0
m}st,14.0
sef,148.0
zig,29.0
Iks,300.0
nav,0.0
nakd,0.0
Sow,2541.0
nams,12.0
nazd,0.0
nAGd,24.0
nAG,132.0
raf,91.0
dIr,14.0
naft,0.0
if,1.0
jarz,22.0
m@ns,891.0
naN,16.0
lOxs,462.0
rEN,0.0
sp|r,195.0
nMw,575.0
vrAnt,0.0
wL,35.0
jArk,0.0
nEp,10.0
sAks,0.0
nen,908.0
nep,0.0
plEn,11.0
f@ns,10.0
frAl,0.0
frEk,0.0
nEx,5.0
Zan,0.0
gro,0.0
tju,0.0
pren,2.0
nErts,37.0
nEzd,0.0
duks,0.0
n|z,12.0
p}lk,0.0
n|t,136.0
nju,111.0
fMnd,3.0
mAnts,127.0
nits,56646.0
nidz,19.0
n}t,848.0
mElkt,0.0
niwz,94.0
hIl,34.0
nKl,73.0
nKp,1.0
nIp,3.0
nIpt,44.0
nIr,36.0
trit,5.0
njOn,0.0
nust,0.0
nOg,0.0
dr}ft,0.0
dr}f,0.0
nojt,63864.0
nort,636.0
nord,350.0
ost,728.0
norts,2.0
nors,0.0
wexs,7.0
nOrs,55.0
vEm,446.0
n}f,25.0
nwi,7.0
n}k,2.0
n}p,0.0
n}rk,1.0
n}rks,7.0
n}dz,5.0
n}ts,7.0
spar,238.0
tAG,0.0
G}l,3.0
kys,0.0
bl<,0.0
Z<,3.0
k}lt,8.0
wus,1723.0
t@d,29.0
t@nd,0.0
t@t,143.0
Oj,6.0
uf,10.0
f@m,7.0
f@N,0.0
uj,88.0
um,15.0
un,198.0
stEt,1.0
|s,18.0
*,11.0
Ov,514.0
Giv,0.0
Gif,0.0
jif,0.0
Oks,0.0
SKk,118.0
sl}rf,40.0
fAndz,0.0
fAnts,2.0
GArx,1.0
fren,81.0
twKx,15.0
b}dz,0.0
jiN,0.0
lob,0.0
streks,604.0
trEks,0.0
vAd,82.0
zEnd,26.0
zwAx,4.0
zwEN,8.0
zwEr,444.0
zwi,21.0
tAzd,101.0
lOst,38.0
wIz,6.0
dKkt,0.0
GrEnz,0.0
hert,20.0
rKmt,1.0
rIspt,0.0
rMwt,0.0
sxErmt,49.0
sxOf,342.0
sxrKv,15.0
sLst,9.0
wakt,17.0
wont,63.0
zajt,0.0
Ons,100697.0
d@rst,0.0
d@rzd,0.0
st|,1162.0
vraG,11.0
rANz,0.0
zuks,188.0
zugz,5.0
dov,0.0
blekt,0.0
bujt,2.0
bukt,51.0
brLkt,19.0
s@mt,2.0
dopt,0.0
nart,0.0
G}nt,0.0
hort,95.0
st@nt,0.0
k|rt,0.0
knAkt,0.0
lext,0.0
lKmt,0.0
k@G,2.0
pKlt,0.0
pKnt,0.0
rEpt,24.0
sxOkt,0.0
sxont,0.0
strAft,184.0
tElt,8.0
tEmt,7.0
vErft,0.0
wro,5.0
G}nst,2.0
kr|g,7.0
Oms,4.0
fremd,0.0
wKg,0.0
op,0.0
rLmt,395.0
sm}kt,8.0
trEv,13.0
pjel,26.0
roms,13.0
r}zd,3.0
NEnt,45.0
sxAd,11.0
sxEnd,46.0
slKd,1.0
sma,956.0
splIdz,0.0
sput,556.0
stLd,17.0
bKd,0.0
hemt,11.0
h}tst,10.0
mEnst,0.0
plOv,0.0
trozd,23.0
sxOr,360.0
snA,3350.0
t}x,12.0
fANzd,44.0
flest,1.0
wrIx,27.0
sAx,77.0
sAG,23.0
silt,3.0
swAx,0.0
p}d,1.0
ruj,63.0
flMwt,0.0
Glast,0.0
helt,0.0
huts,9.0
hopt,14.0
fjer,2.0
klart,440.0
mKd,10.0
post,3.0
saxt,7.0
sxom,56.0
traxt,128.0
vAlst,11.0
vremd,3.0
wAxts,154.0
wElg,0.0
wElkt,0.0
wKlt,8.0
wuzd,85.0
wrIg,13.0
wrIkt,0.0
zElt,449.0
zwAkt,1.0
vInd,79.0
tojt,268.0
vr}Gd,259.0
wers,42.0
werz,10.0
r@lts,121.0
wErg,139.0
wrag,0.0
zIGd,825.0
ovd,0.0
oGzd,0.0
fKs,0.0
wENk,80.0
oj,12.0
vars,8.0
ojt,20345.0
delz,3.0
lOGz,51.0
sprONs,0.0
vKx,14.0
ozd,17.0
mKns,0.0
sLd,14.0
pak,1.0
swEm,0.0
spAl,14.0
klOpt,6.0
krOpt,13.0
prIkt,2.0
sxruft,5.0
wEkt,147.0
vOt,118.0
p@rst,0.0
rKx,0.0
pINz,2.0
sxrAn,19.0
sm}k,8.0
sm},134.0
fOlx,14.0
fMw,4.0
sEx,28.0
Za,0.0
ZIs,0.0
Ord,1.0
kEzd,7.0
pet,207.0
r<,840.0
Mts,90.0
wKfs,0.0
Mns,3.0
vr|,1.0
drAGdz,0.0
tAks,11.0
Gaf,0.0
h)t,7.0
h)d,6.0
Sit,0.0
Klt,6.0
sEkst,16.0
fKnt,2.0
paj,6.0
pan,17.0
pap,3.0
paps,0.0
dzi,10.0
trAm,126.0
trEm,2.0
pard,162.0
parts,0.0
parz,0.0
pAGd,2.0
k@tS,1.0
pAf,58.0
pAjs,5.0
psEst,0.0
psEs,0.0
pAlt,0.0
pAlts,0.0
pAm,67.0
pAN,148.0
pAnd,0.0
nig,0.0
spOns,110.0
mim,10.0
vLst,343.0
was,40.0
pAps,252.0
Syt,234.0
GnOst,13.0
dAf,0.0
rEr,0.0
rol,84.0
ryr,0.0
kwIl,0.0
por,2.0
Zirs,76.0
Zirz,2.0
nak,4.0
tors,0.0
pEtS,1.0
tEnd,1.0
SAns,82.0
jArx,20.0
trom,0.0
trons,4.0
pAts,21.0
pMk,1.0
pMz,4.0
dEls,0.0
pel,31.0
peN,0.0
pEjs,0.0
pEg,0.0
torts,60.0
p)l,0.0
m)l,0.0
GrIms,26.0
gr|s,0.0
l@ts,1.0
pElz,0.0
pEls,38.0
pEm,0.0
pEN,0.0
plen,0.0
g|,0.0
Sum,5.0
SuN,1.0
Suns,2.0
Sunz,0.0
SOm,0.0
SON,2.0
t|x,38.0
tlOn,1.0
}l,171.0
plOs,0.0
sEnts,0.0
rEmp,0.0
frAs,3.0
jOst,0.0
pte,0.0
skob,23.0
spErm,0.0
pErg,0.0
pErm,0.0
frOst,21.0
rON,17.0
San,0.0
nels,28.0
nelz,28.0
soN,0.0
zIg,1.0
pEs,1100.0
pEzd,7.0
trAr,1.0
pEts,6.0
p|k,214.0
pfAj,18.0
sp@,30.0
vIr,72.0
wos,16.0
rEsk,6.0
},44.0
pId,0.0
ZIn,0.0
pif,78.0
puf,45.0
pib,0.0
plEs,660.0
pjE,55.0
piz,0.0
pIf,0.0
pIG,28.0
pIg,26.0
skIn,22.0
pKb,0.0
pAj,0.0
l@t,3.0
pIm,13.0
nAN,1.0
p)s,1.0
pIntS,0.0
gwIn,0.0
pInz,1.0
pInt,65.0
g}rl,3.0
jIn,79.0
pIp,113.0
pIps,61.0
pIz,13.0
pItS,0.0
pAjn,0.0
tsa,1070.0
ts@,68.0
plaG,0.0
plad,0.0
pladz,11.0
sxAlm,2.0
sINk,0.0
ples,0.0
fOm,0.0
fOnd,0.0
sxrot,197.0
plAx,1.0
tAnd,643.0
sxat,331.0
plAm,0.0
plAnd,0.0
plak,5.0
plAz,0.0
tIg,0.0
plAd,73.0
d@mt,0.0
vLs,0.0
plEps,25.0
pleG,98.0
pl)n,0.0
pl)m,0.0
plKt,154.0
plKd,2.0
plEmp,0.0
plEmb,0.0
plEN,0.0
plEnz,1.0
plEns,6.0
plEd,0.0
plEts,1.0
pl|,74.0
plIGd,1.0
plIGdz,39.0
plIxts,46.0
plInt,0.0
plIn,0.0
plIs,8.0
pluG,37.0
pluxs,0.0
plurt,55.0
plur,3.0
plOk,1.0
plOm,0.0
bj),0.0
plOmp,17.0
plOn,2.0
plOp,13.0
plOts,523.0
plyS,14.0
pl}G,0.0
Girst,0.0
pl}g,1.0
pl}m,8.0
pl}rk,3.0
pl}s,1108.0
kwAm,0.0
Gr|s,0.0
GrIst,0.0
pub,3.0
pur,0.0
pudz,6.0
pOf,21.0
pOv,3.0
pw)n,113.0
pOjn,1.0
pwa,10.0
rOjt,38.0
pOlk,20.0
S}rt,989.0
polz,5.0
pOlz,3.0
gAjst,8.0
glAs,0.0
GlOt,1.0
rAnz,0.0
pOnts,0.0
pONk,1.0
pOnz,0.0
pOnd,0.0
fEks,1.0
pols,28.0
s@t,0.0
pOd,0.0
pOts,0.0
swit,0.0
praxs,0.0
praj,0.0
prAGd,8.0
prAx,6961.0
wOlfs,10.0
prAG,24.0
pr),92.0
tKg,0.0
prAl,0.0
prAm,0.0
prAN,0.0
prAt,20.0
prMw,8.0
prM,0.0
d@k,0.0
kAnts,11.0
d@g,0.0
prEd,10.0
preg,0.0
mje,523.0
pr@m,0.0
risk,0.0
prEnd,1.0
dEnts,56.0
pr|,0.0
pr|ts,98.0
pril,0.0
nIts,0.0
prKk,0.0
prKz,0.0
prIg,27.0
sip,1.0
prInz,2.0
prInt,67.0
sEz,0.0
r|rs,0.0
Z|s,4.0
pruv,41.0
prus,2.0
pruzd,0.0
prOf,157.0
sOrs,0.0
fKd,0.0
jEgd,0.0
Z@r,3.0
s}rS,0.0
prOl,0.0
prOmpt,10.0
prOn,0.0
prONk,23.0
prON,64.0
prONg,0.0
prOnt,1.0
mjEn,0.0
proj,343.0
proz,0.0
nEnts,0.0
zEk,9.0
tEzd,12.0
tEz,1.0
prOt,7.0
sals,0.0
jAnd,3.0
vost,10.0
prLg,0.0
prLl,0.0
prLs,0.0
ziz,0.0
pr}l,46.0
pr}d,0.0
pr}dz,0.0
psAl,0.0
ps|,34.0
Gj|,337.0
psI,0.0
pso,18.0
pto,0.0
st}nt,412.0
bligz,0.0
bliks,14.0
p}k,129.0
pLk,76.0
pLg,3.0
pLl,0.0
pLm,9.0
pLn,847.0
pLN,0.0
sl|f,4.0
pwi,0.0
p}lz,0.0
p}mp,3.0
p}nS,127.0
GrOx,0.0
puS,19.0
p}ts,1.0
putS,2.0
pyr,1058.0
rEks,390.0
dron,0.0
ron,0.0
kwAtS,0.0
tSen,0.0
kwin,0.0
tjO,0.0
stEp,34.0
kwIlt,6.0
kwIz,3.0
kwOd,0.0
kwEr,0.0
@r,0.0
rad,0.0
radz,0.0
raG,0.0
raz,0.0
rAb,0.0
Zans,0.0
rAx,19.0
jAl,0.0
rAG,63.0
bl@rs,0.0
rAms,0.0
rAmS,1.0
rEnS,494.0
sum,0.0
rAp,234.0
rEp,139.0
rAts,44.0
bEks,0.0
bLz,2.0
bEls,31.0
bMnt,25.0
sEbd,0.0
rEGtz,0.0
prok,0.0
g@n,62.0
spOt,430.0
kLj,0.0
vlOt,307.0
rEd,38.0
rek,0.0
reN,0.0
rew,0.0
rews,0.0
ref,12.0
flEgz,1.0
frAkt,0.0
frKn,50.0
rEf,0.0
gA,3.0
G@k,4.0
w}lp,2.0
GEst,0.0
ments,0.0
s|rs,0.0
rKl,0.0
ZEk,0.0
kryt,90.0
kwEst,0.0
lEkst,80.0
jEv,0.0
mAjn,1.0
strAnts,0.0
mOld,0.0
p}G,0.0
jEm,14.0
sIG,25.0
nAnz,0.0
pEgd,0.0
sOrt,4.0
sur,0.0
tr),40.0
r|g,0.0
r|p,0.0
r|t,2.0
vAnS,71.0
vKj,1.0
rIb,1.0
rIGd,0.0
n}z,1.0
rid,0.0
g|r,1.0
rKG,0.0
rKgz,18.0
fEld,0.0
swart,4.0
zAlm,236.0
rKzd,0.0
rKf,0.0
tsAn,0.0
rINk,4.0
rIns,1.0
rIps,0.0
rIts,191.0
rIdz,0.0
GrInt,0.0
stom,386.0
rod,45.0
byst,11.0
rOks,63.0
ruf,5.0
ruv,0.0
mens,0.0
ruzd,1.0
rud,0.0
rutS,7.0
rOg,1.0
GEsp,1.0
sxadz,12.0
veG,1.0
tOpf,0.0
rOmp,297.0
slOmp,13.0
rOnd,1798.0
fard,2.0
swAl,1.0
fONk,14.0
rov,108.0
roj,2.0
rog,10.0
roz,0.0
rost,0.0
ror,3.0
SAx,3.0
rOz,70.0
rOdz,25.0
v@rz,1.0
r}Gd,9.0
ryk,0.0
sixts,0.0
r}f,16.0
r}G,2507.0
mErxs,0.0
rLx,223.0
rLG,0.0
rLg,0.0
sxots,72.0
rLz,0.0
rLts,0.0
rLf,2.0
r}l,3.0
r}nd,0.0
r}bz,4.0
vrat,51.0
r}S,51.0
r}z,25.0
r}t,0.0
ryw,357.0
sANkt,0.0
fran,14.0
fraN,0.0
selz,3.0
jAg,0.0
hix,0.0
stEld,0.0
trEf,188.0
sANk,20.0
drAk,0.0
wItS,253.0
t<,52.0
p|rz,0.0
sens,0.0
sAs,41.0
sAz,0.0
tAnz,0.0
tKm,19.0
trap,2.0
sov,0.0
skA,0.0
skAlp,41.0
skAl,125.0
skAm,7.0
skE,293.0
skAn,8.0
skAr,0.0
skEt,1.0
skEp,115.0
sxav,0.0
sxafs,0.0
sxak,351.0
sxag,23.0
sxam,538.0
sxaps,36.0
slip,1159.0
sxAGd,0.0
sxAlks,0.0
sxAmp,30.0
sxAmb,0.0
sxAnd,0.0
sxAnt,40.0
sxAns,11.0
vAxt,145.0
vLt,31.0
sxev,0.0
sxef,133.0
sxel,56.0
sxen,140.0
sxem,24.0
sxebz,34.0
frAx,0.0
sxEx,2.0
sxEG,0.0
sxKl,0.0
sxEld,19.0
sxElt,2.0
kj@,6.0
sxElms,1.0
vIz,15.0
sxENg,0.0
sxErv,0.0
n|st,0.0
sxErts,19.0
sxErt,9.0
sxErdz,0.0
sxEdz,15.0
sx|k,0.0
SI,41.0
sxIx,17.0
sxir,46.0
sxKv,0.0
sxKm,226.0
sxKN,2.0
vr|xt,43.0
vrom,70.0
pAd,0.0
sxImb,0.0
sxINk,0.0
sxIN,0.0
sxIb,0.0
sxIs,2.0
Sla,1.0
g@r,1.0
SlAm,0.0
Sl@,32.0
Smi,1.0
SmiNk,14.0
SnA,21.0
SnAps,10.0
Sni,0.0
SnOr,0.0
jAks,0.0
sxuj,18.0
sxul,3.0
sxum,8.0
sxup,1.0
sxOvd,0.0
sxOg,8.0
sxOks,0.0
sxOm,2.0
sxONk,144.0
sxoj,6.0
sxoN,0.0
sxOd,0.0
sxOdz,0.0
sxMt,3.0
sxMd,13.0
sxMdz,0.0
sxrax,1.0
sxraG,0.0
sxraxs,0.0
sxral,13.0
sxrab,0.0
sxrAb,0.0
sxrAm,72.0
sxrANk,3.0
sxrAN,0.0
sxrEt,0.0
sxrik,3.0
sxril,11.0
sxrIvd,0.0
sxrIv,0.0
sxrIg,43.0
sxrIl,5.0
sxrOp,22.0
sxrOb,0.0
sxruv,11.0
sxrufs,0.0
sxruj,0.0
sxro,8.0
sxrod,0.0
sxroj,0.0
sxrOt,0.0
sx}b,0.0
sx}ps,0.0
sx}x,20.0
GIps,0.0
sxLn,44.0
sxLns,8.0
sx}ld,70.0
sx}lp,32.0
sx}rf,13.0
sx}rk,506.0
sx}r,295.0
sx}d,0.0
sx}dz,0.0
SwuN,2.0
skOn,0.0
skup,24.0
sku,214.0
skOr,0.0
skM,18.0
skrE,59.0
skrEm,4.0
skrAps,24.0
skrEt,7.0
skrin,24.0
skru,6.0
skrI,7.0
skro,37.0
sk}l,49.0
sk},1.0
skI,4.0
jats,0.0
sid,0.0
zuN,11.0
sEgz,15.0
g},0.0
GInt,0.0
kr}m,0.0
kwEns,1.0
fKns,0.0
rAfs,0.0
ZAnts,0.0
rym,0.0
s}rf,43.0
tsEn,0.0
sfAG,0.0
sfINks,40.0
sfOr,0.0
sfra,0.0
sfy,0.0
sfIG,0.0
SEm,0.0
r@f,3147.0
SIn,0.0
tSjEnd,0.0
SOrts,35.0
SrEp,2.0
SrE,25.0
S}nt,1.0
S}n,3.0
S},267.0
sAjd,8.0
wAjn,8.0
jEsk,0.0
sOns,0.0
sInts,8664.0
sIndz,737.0
sInd,18.0
klaz,0.0
jAnz,0.0
fKdz,0.0
sIts,0.0
sIks,0.0
blom,0.0
SAp,0.0
SAs,1.0
SKg,0.0
SErp,30.0
SIl,0.0
SIr,0.0
Sul,15.0
SOr,5.0
SwA,0.0
skat,0.0
skAj,20.0
skAlt,0.0
ske,43.0
skit,6.0
skEl,5.0
skEtS,23.0
skIf,1.0
skIp,0.0
sk}Nk,14.0
skre,1.0
slafs,7.0
slax,202.0
slaxs,10.0
slak,5.0
slab,4.0
slAGd,18.0
slEks,0.0
slAm,4.0
slEN,946.0
slANs,0.0
slEp,0.0
slAt,0.0
slEGd,0.0
slExts,3846.0
sint,10.0
sleb,6.0
stArt,1739.0
slew,0.0
slE,0.0
slEm,0.0
sl@,6.0
slENk,15.0
slEt,1250.0
sl|r,100.0
slIb,0.0
slIx,0.0
slAj,8.0
slir,0.0
slit,0.0
slKk,72.0
slKg,0.0
slKt,3.0
slIg,0.0
slIN,9.0
slINks,19.0
strim,50.0
vitS,6.0
slob,0.0
slOp,20.0
slu,194.0
sl|jt,0.0
sl|jd,0.0
slOk,355.0
slOg,32.0
slOns,28.0
slom,40.0
slor,1.0
slOrp,1.0
slOd,1.0
slow,0.0
sl}f,0.0
slLk,2.0
slLks,1.0
slLb,0.0
slLz,7.0
slLd,0.0
slLf,0.0
sl}m,0.0
sl}mp,5.0
sl},14.0
sl}rv,0.0
sly,0.0
smat,32.0
smad,0.0
smag,0.0
smal,0.0
smAxt,55.0
smAx,61.0
smAl,91.0
smAlt,0.0
rAxt,85.0
smAr,13.0
smES,11.0
smeg,26.0
smel,0.0
smEG,1.0
smElt,248.0
smEld,0.0
smEr,0.0
smIts,3.0
smIdz,0.0
smixt,10.0
smint,0.0
smis,0.0
smi,26.0
smI,4.0
smIs,0.0
smul,236.0
smu,32.0
smOk,42.0
smo,288.0
smok,1.0
smor,119.0
sm|r,0.0
GOz,0.0
smOts,0.0
smOt,0.0
smM,7.0
smMs,12.0
smMt,0.0
smMd,0.0
sm}l,6.0
sm}rf,20.0
smIr,0.0
snaj,6.0
snak,4.0
snaks,0.0
snEk,102.0
snEg,56.0
snAk,49.0
snEp,3.0
snArs,22.0
snep,34.0
sner,3.0
vlOk,17.0
snes,0.0
snEr,0.0
snErt,3.0
sn|,178.0
snKd,0.0
vlAm,348.0
snOp,87.0
snug,3.0
snuks,0.0
snup,949.0
snus,66.0
snOk,0.0
snOl,105.0
snot,2.0
snod,8.0
snOrk,0.0
snOt,237.0
Olf,1.0
snLv,1.0
snLs,3.0
sn}l,6.0
sn}rk,44.0
sn}r,60.0
sOf,51.0
sOft,287.0
sOvd,61.0
sOk,136.0
sOmp,0.0
sOms,15299.0
suS,0.0
fl|rs,0.0
sMnt,84.0
sMn,3.0
tAS,0.0
sOv,81.0
vrIn,1.0
jEd,1.0
sOw,0.0
spag,6.0
spam,0.0
spans,0.0
spes,0.0
t@rn,131.0
spAm,0.0
spAN,1.0
jEl,5.0
spAs,22.0
spAts,46.0
spEx,0.0
spid,41.0
spels,64.0
speN,0.0
spEg,0.0
zwurt,1.0
zwort,0.0
w@rz,0.0
spEt,0.0
spIxt,0.0
spIx,0.0
spAj,152.0
spig,5.0
spik,1.0
Spi,1.0
Spil,0.0
spiz,0.0
spits,9.0
spKk,0.0
spKl,1.0
spKz,0.0
spKt,29121.0
spKts,0.0
spAjk,200.0
spIk,8.0
spIm,0.0
spIN,0.0
wEp,197.0
wEb,0.0
spInt,27.0
r@t,76.0
spIdz,0.0
splin,1.0
spled,0.0
splKd,2.0
splKt,26.0
splInt,0.0
splI,7.0
splId,0.0
splIts,16.0
spud,20.0
sputs,0.0
spON,1.0
spOnz,0.0
spog,3.0
slAxs,2.0
spOrd,17.0
spOrts,1.0
fElx,0.0
spOd,0.0
spMw,0.0
spM,0.0
sprAN,10.0
sprANk,36.0
sprAnt,0.0
sprew,22.0
sprKd,0.0
sprKt,483.0
sprIn,24.0
sprIt,0.0
spruj,15.0
sprut,19.0
sprOk,0.0
sprO,22.0
sprOt,4.0
sprMw,0.0
spryw,2.0
spLd,30.0
sp}r,8.0
spyx,342.0
spyG,8.0
spyw,1.0
skwO,41.0
dr@n,41.0
skw)r,40.0
skwAS,43.0
skw<,58.0
stav,0.0
stag,0.0
staks,0.0
stakt,22.0
stants,0.0
staN,0.0
stard,3.0
stats,245.0
stadz,132.0
statz,0.0
stAd,0.0
stAts,91.0
stAdz,56.0
stAv,3.0
Z)r,32.0
stAG,10.0
dard,7.0
stEnd,207.0
zOt,171.0
stAps,3.0
stES,11.0
S@N,34.0
tSOnz,1.0
tSOns,6.0
wEsk,0.0
stex,382.0
stexs,0.0
stels,1.0
vlAs,11.0
pl@r,0.0
stEx,41.0
stElp,2.0
GEm,0.0
g}n,5.0
stEb,0.0
tip,114.0
stErv,115.0
stErg,0.0
st}r,46.0
st|m,36.0
st|N,1.0
stiv,90.0
stif,248.0
stIvdz,0.0
stIfts,0.0
stIf,0.0
stKv,0.0
stKG,9.0
stKx,0.0
stIg,8.0
stINg,99.0
stIpt,158.0
stOg,40.0
stult,6.0
stup,380.0
stur,495.0
stuts,0.0
stOlb,0.0
bast,796.0
stont,459.0
stov,0.0
stog,0.0
stol,2.0
stop,0.0
stots,1.0
stOb,0.0
wOtS,27.0
stOrd,23.0
stMt,459.0
stMw,0.0
strals,1.0
strad,18.0
strAv,652.0
straf,0.0
stret,67.0
strAg,0.0
strAm,6.0
strAnd,6.0
strAN,0.0
strEp,11.0
strAs,2.0
tex,15.0
stref,0.0
strev,0.0
streg,1.0
streb,0.0
streps,0.0
strEk,107.0
strEg,0.0
strEks,0.0
strEs,609.0
strEz,2.0
strEtS,16.0
strEt,46.0
strKg,4.0
strIg,0.0
strIkt,267.0
strin,0.0
tiz,5.0
struf,16.0
strOn,1.0
G|l,16.0
strob,0.0
strO,4.0
strOb,196.0
strOt,313.0
str},1.0
strLs,28.0
strIx,25.0
styk,7.0
st}f,10.0
st}x,55.0
stLv,0.0
stLk,0.0
stLt,53.0
Stu,1.0
dors,0.0
st}g,2.0
st}ks,0.0
st}d,1.0
stIks,0.0
blim,48.0
s}k,3.0
w),0.0
s}f,254.0
swis,3.0
Gad,0.0
swOp,0.0
swAs,5.0
swEt,20.0
swIN,70.0
swItS,14.0
swIt,7.0
sId,396.0
taj,395.0
taN,0.0
tarts,0.0
tats,0.0
wAlm,7.0
kwOn,15.0
tAf,7.0
tAlx,0.0
lyd,0.0
tAmp,7.0
tENg,1.0
tj)m,0.0
tEb,21.0
tAps,15.0
G@t,28.0
riv,0.0
tArn,3.0
tars,0.0
tAz,0.0
s}z,1.0
jum,0.0
tems,0.0
teN,0.0
ters,0.0
terts,0.0
tef,1067.0
tEf,15.0
t)nt,23.0
tKs,19.0
tEgzd,7.0
Grav,3.0
lEgz,1.0
lor,12.0
tEmp,1.0
tyrs,0.0
nEf,0.0
tErb,0.0
tErts,5.0
t)t,0.0
trArx,1.0
tons,0.0
Gefs,230.0
tLs,18006.0
tLz,319.0
z},28446.0
tIrs,0.0
tind,0.0
tiN,24.0
fOlG,0.0
tIlt,117.0
t)m,9.0
tImp,0.0
tIps,223.0
tSAlk,0.0
tSA,0.0
tSem,1.0
tSErk,0.0
tSIf,3.0
tSAf,3.0
tSIl,2.0
tSIr,2.0
tSAk,0.0
tSum,0.0
tSOk,19.0
tme,0.0
xars,0.0
tOGd,0.0
tuf,6.0
xIN,1.0
INz,0.0
vl}xts,99.0
tOj,2.0
tOlk,140.0
S}p,2.0
toG,0.0
toN,3.0
torn,147.0
tordz,1.0
tost,256.0
tOb,3.0
nAndz,0.0
tOps,7.0
sKls,0.0
tOrn,3.0
tOjm,0.0
trax,449.0
traG,0.0
tram,2.0
traN,92.0
xom,0.0
tred,0.0
tren,2.0
trEmp,13.0
trAnS,0.0
trEN,3.0
trAN,0.0
trAnz,0.0
f*r,50.0
fals,0.0
trEd,10.0
treft,0.0
trek,0.0
trem,0.0
tref,0.0
trKl,0.0
trKm,3.0
trKN,30.0
pl),0.0
trEntS,3.0
trEnd,0.0
trEn,48.0
trEns,0.0
tr|r,17.0
zor,0.0
byn,72.0
tril,0.0
trist,770.0
trKp,0.0
trKz,0.0
trAg,0.0
jOmf,159.0
jOmv,2.0
rem,4.0
horns,0.0
trIts,1.0
trIt,0.0
truf,107.0
trul,7.0
trups,0.0
trOG,3.0
trOj,0.0
pEd,1.0
trONk,0.0
tronz,4.0
v),0.0
w@ns,4168.0
tryg,1.0
trAj,13.0
trip,0.0
tse,2.0
tSEx,0.0
tSup,39.0
tSub,0.0
tLN,19.0
t}k,118.0
m}lt,29.0
tSun,14.0
lyrs,1.0
t}rv,0.0
t}rk,0.0
kojs,15.0
t}rks,0.0
t}rm,0.0
t}rN,0.0
dEgz,0.0
twalf,2066.0
twalv,181.0
twal,0.0
twit,30.0
rims,0.0
twern,0.0
twer,0.0
sxKfz,0.0
spAlt,6.0
vlAks,0.0
twEn,0.0
twKn,1.0
twKN,0.0
djOp,0.0
f|s,4.0
f}z,0.0
tAjp,3.0
wrAj,0.0
rols,0.0
hMpt,0.0
mEnS,0.0
}x,0.0
}G,0.0
Lls,79.0
xans,30.0
xanz,0.0
xANz,0.0
brKt,241.0
kint,17.0
fAls,4.0
fAlz,6.0
sIft,0.0
}k,26.0
lMts,0.0
}m,4.0
}b,9.0
gre,0.0
nwar,14.0
yw,48241.0
vax,404.0
vaG,1.0
vak,7872.0
valt,1.0
vam,0.0
drIx,16.0
vaN,0.0
vad,0.0
vats,0.0
w},0.0
vj),0.0
wam,4.0
vAks,0.0
reps,0.0
vAmp,11.0
k@z,4.0
vAzd,725.0
vAz,2.0
zAl,35.0
vem,1.0
veN,3.0
vest,0.0
ves,0.0
j@rz,0.0
vElx,12.0
vElG,0.0
kwIst,2.0
blKfs,47.0
bl}ft,13.0
dumt,188.0
dOmt,1336.0
doft,247.0
dolt,1.0
dOrt,9.0
z@t,1.0
dwalt,936.0
dwast,18.0
dwKm,1.0
dwKn,16.0
vErv,12.0
GArs,0.0
Ged,2.0
S@rt,0.0
GrAmt,0.0
GrKp,80.0
Grujd,0.0
GL,2.0
G}lt,14.0
G}ld,0.0
hals,0.0
h|xt,171.0
hIpt,0.0
hoxt,132.0
hyrs,0.0
kerz,33.0
kleft,2.0
kl|mt,17.0
knOxt,25.0
kobz,0.0
krAmpt,25.0
krKG,59.0
lAmt,300.0
lEpt,11.0
lOfs,0.0
sxApt,0.0
G@z,1.0
wInzd,14.0
mOlmt,2.0
n}ft,21.0
p@m,86.0
pAft,0.0
wajt,2.0
st@rz,0.0
st@rs,4.0
r}kt,88.0
vErz,0.0
sx|rt,0.0
kAlft,0.0
Ste,6.0
slaft,577.0
snElt,39.0
vErst,6.0
stalt,0.0
stent,30.0
stKft,31.0
stOkt,4.0
strojt,66.0
s}ft,28.0
tornt,6.0
w@s,26.0
w@z,0.0
velt,122.0
vlam,0.0
vurs,1.0
vurz,1.0
vLlt,52.0
vLl,2063.0
loz,6.0
wArt,516.0
west,1.0
r@ld,665.0
wKft,30.0
wut,11.0
wust,1033.0
w}lf,9.0
w}r,341.0
l@kt,0.0
sx@,0.0
zEts,16.0
zEdz,17.0
zKp,0.0
zINg,0.0
zLlt,0.0
zwIn,0.0
vEd,5.0
tsIn,3.0
vif,3.0
rimz,0.0
vj|,6.0
vKf,15541.0
vKv,978.0
vKs,1.0
vIm,1.0
gr@,0.0
vIp,69.0
viz,0.0
Z@s,0.0
vlak,0.0
vlams,0.0
vlAG,1.0
vlAg,0.0
vlAz,0.0
vlEGd,0.0
vlEG,0.0
vler,141.0
mLz,0.0
vlez,4.0
vlErk,20.0
vlEt,0.0
vl|x,119.0
vlid,0.0
vlit,1.0
vlim,0.0
vlir,3.0
vliz,0.0
vlKm,34.0
vlug,0.0
vlOn,0.0
vlod,0.0
vlOs,0.0
vlOd,0.0
vlMw,0.0
vl}Gd,0.0
vl},85.0
bEg,11.0
vwa,2.0
lj),0.0
vOlks,255.0
vOlgz,21.0
vOntst,172.0
vONk,97.0
vON,71.0
vojs,0.0
spelt,0.0
k|rz,21.0
vorn,2.0
vors,0.0
vorst,0.0
vord,116.0
wErps,0.0
vos,3.0
vOrg,2.0
vOrs,0.0
vOrzd,0.0
vOrz,0.0
vOrt,96.0
vMw,77.0
vOks,8.0
vraxs,0.0
vrAGd,28.0
vrANk,1.0
vret,143.0
vremp,0.0
vrEk,59.0
vrE,10.0
vrind,0.0
hKd,1.0
vrKt,0.0
vrInt,26.0
vrut,44.0
vruG,10.0
vron,0.0
vroN,0.0
vr}G,0.0
x@rt,0.0
vLx,2.0
vLzd,0.0
vLz,3.0
G)r,102.0
v}ns,0.0
v}n,39.0
v}t,0.0
waG,0.0
wag,0.0
waks,2.0
ward,0.0
wAGd,0.0
tjAn,0.0
tjAN,0.0
wAd,0.0
wAf,21.0
GON,0.0
x@rs,0.0
wAlt,0.0
wAlx,219.0
wAlG,1.0
wAlk,58.0
w<,52.0
NAnt,0.0
wAlz,0.0
wAm,36.0
wAnd,3.0
hobz,18.0
p@N,53.0
wArs,47.0
G|s,0.0
tlAs,0.0
wMw,630.0
wE_,0.0
weps,0.0
lIxts,0.0
wez,0.0
wew,1.0
wKd,9.0
wKts,5.0
wAj,0.0
wEg,7.0
ramt,0.0
sxMwt,10.0
@s,61.0
SmErts,0.0
varts,1.0
sxAnst,0.0
sirt,0.0
zKnz,1.0
wEm,2.0
wENg,44.0
wEnz,11.0
wErv,0.0
worts,0.0
wErst,0.0
wEz,0.0
flams,0.0
wEdz,44.0
p@t,1.0
w*l,2.0
wid,0.0
wip,0.0
wIG,13.0
wKm,16.0
wKN,183.0
Gard,0.0
wIk,5.0
wIld,10.0
wIlG,0.0
l@ms,0.0
wIls,129.0
wIlz,5.0
wIntS,2.0
wInd,87.0
N@rd,0.0
wInz,7.0
wAjz,0.0
kAlkt,1.0
wits,1.0
wOt,501.0
wuf,41.0
wurt,0.0
wOk,13.0
wOlv,0.0
wOlvz,0.0
wOlg,7.0
wOnd,0.0
woN,444.0
tle,0.0
wOrt,0.0
wOrx,0.0
wOrG,0.0
wMd,4.0
wud,0.0
wulf,0.0
wra,5.0
wrA,0.0
wrAN,16.0
wrAt,38.0
wre,415.0
wret,820.0
wred,6.0
wrek,1.0
wref,33.0
wrEn,0.0
wrKv,0.0
wrIN,0.0
wrOx,0.0
wrOk,180.0
w}ft,2.0
wLt,0.0
w}lk,0.0
w}l,0.0
w}lps,5.0
w}rx,4.0
Igz,1.0
kse,27.0
rOf,0.0
ksi,8.0
jAms,0.0
jENk,98.0
jEN,140.0
Ip,2.0
kwEm,0.0
zag,0.0
zaks,0.0
zAGd,0.0
zAxts,26.0
zAm,1.0
zAnd,132.0
tsAr,1.0
tswe,1.0
zev,3.0
zex,1.0
zeG,0.0
zelt,1.0
zeb,0.0
zerst,0.0
zet,0.0
zew,0.0
zews,0.0
zoG,43.0
zExs,19.0
zKs,25.0
zElfs,16930.0
swIx,0.0
zEm,0.0
zEN,2.0
zErk,7.0
zErp,0.0
zEz,599.0
zEst,0.0
z|x,52.0
zLG,8.0
z|n,0.0
zIG,5234.0
zils,209.0
zilz,0.0
fel,145.0
zIft,3.0
G|,202.0
sAxs,0.0
zKt,6.0
zKx,0.0
zIlt,1.0
zIr,7.0
zId,3.0
waf,0.0
zug,0.0
zul,0.0
vojst,0.0
zOm,144.0
zOmp,0.0
darz,0.0
dAGz,4.0
zOns,1107.0
zox,1.0
zop,0.0
zOts,2.0
zMd,0.0
tsu,5.0
zLt,408.0
zLd,336.0
z}lk,307.0
z}lks,6.0
z}nt,0.0
zwans,0.0
zward,2.0
zwAt,0.0
zwAg,9.0
zwAlp,0.0
zwAmp,0.0
zwAN,5.0
zwAns,4.0
zwAn,1.0
zwAr,668.0
zwArd,2.0
zwets,0.0
zwev,0.0
zwef,64.0
zwel,0.0
zwem,10.0
zweb,0.0
zwed,2.0
zwElx,5.0
zwENk,5.0
zwErv,1.0
zwErk,3.0
zwEt,14.0
zwIx,33.0
zwIGd,0.0
zwIxt,0.0
zwKG,8.0
zwKx,72.0
zwKm,9.0
zwKns,0.0
zwIk,11.0
zwIg,0.0
zwIlk,0.0
zwIl,0.0
zwIN,0.0
zwIt,0.0
zwul,16.0
