Word,IPA,Syllables
toen,tˈun,tun
die,dˈi,di
de,dˈə,də
barkeeper,bˈɑrkeːpər,bɑr - keː - pər
irritante,ˌɪɾritˈɑntə,ɪɾ - ri - tɑn - tə
bediende,bədˈində,bə - din - də
wegliep,ʋˈɛɣlˌip,ʋɛ - ɣlip
manke,mˈɑŋkə,mɑŋ - kə
gingen,ɣˈɪŋən,ɣɪŋ - ən
klant,klˈɑnt,klɑnt
dronkaard,drˈɔŋkaːrt,drɔŋ - kaːrt
open,ˈoːpən,oː - pən
deuren,dˈøːrən,døː - rən
betaalde,bətˈaːldə,bə - taːl - də
viel,vˈil,vil
kruk,krˈɵk,krɵk
lachte,lˈɑxtə,lɑx - tə
rector,rˈɛktɔr,rɛk - tɔr
om,ˈɔm,ɔm
stoere,stˈurə,stu - rə
puber,pˈybər,py - bər
strafte,strˈɑftə,strɑf - tə
was,ʋˈɑs,ʋɑs
erg,ˈɛrx,ɛrx
onredelijk,ɔnrˈeːdələk,ɔn - reː - də - lək
inbreker,ˈɪnbrˌeːkər,ɪn - breː - kər
gekrenkte,ɣˈɛkrɛŋktə,ɣɛ - krɛŋk - tə
smeekte,smˈeːktə,smeːk - tə
pastoor,pɑstˈoːr,pɑ - stoːr
ten,tˈɛn,tɛn
vorige,vˈoːrəɣə,voː - rə - ɣə
raad,rˈaːt,raːt
einde,ˈɛɪndə,ɛ - ɪn - də
bruine,brˈœynə,brœy - nə
assistent,ˌɑsɪstˈɛnt,ɑ - sɪ - stɛnt
week,ʋˈeːk,ʋeːk
tanden,tˈɑndən,tɑn - dən
kreeg,krˈeːx,kreːx
maandag,mˈaːndɑx,maːn - dɑx
uitslag,ˈœytslˌɑx,œyt - slɑx
behandelde,bəhˈɑndəldə,bəh - ɑn - dəl - də
pokken,pˈɔkən,pɔ - kən
medicus,mˈeːdikˌɵs,meː - di - kɵs
vreemde,vrˈeːmdə,vreːm - də
laatst,lˈaːtst,laːtst
zelf,zˈɛlf,zɛlf
psychiater,psˈɪxiˌaːtər,psɪx - i - aː - tər
gevreesde,ɣəvrˈeːzdə,ɣə - vreːz - də
zijn,zˈɛɪn,zɛ - ɪn
verslaafde,vərslˈaːvdə,vər - slaːv - də
is,ˈɪs,ɪs
ontslag,ɔntslˈɑx,ɔnt - slɑx
overtreder,ˌoːvərtrˈeːdər,oː - vər - treː - dər
smeris,smˈɪːrɪs,smɪː - rɪs
ontvlucht,ɔntvlˈɵxt,ɔnt - vlɵxt
kronkelig,krˈɔŋkələx,krɔŋ - kə - ləx
een,ˈeːn,eːn
ingerend,ˈɪnɣərˌɛnt,ɪn - ɣə - rɛnt
paadje,pˈaːtjə,paːt - jə
het,hˈət,hət
eigenaars,ˈɛɪɣənˌaːrs,ɛ - ɪ - ɣə - naːrs
landgoed,lˈɑndɣˌut,lɑnd - ɣut
van,vˈɑn,vɑn
bezoekers,bəzˈukərs,bə - zu - kərs
honderden,hˈɔndɛrdən,hɔn - dɛr - dən
gisteren,ɣˈɪstərən,ɣɪ - stə - rən
rondleiden,rˈɔndlɛɪdən,rɔnd - lɛ - ɪ - dən
filmster,fˈɪlmstər,fɪlm - stər
trots,trˈɔts,trɔts
beschermde,bəsxˈɛrmdə,bə - sxɛrm - də
had,hˈɑt,hɑt
brede,brˈeːdə,breː - də
bodyguard,bˈoːdiɣˌyɑrt,boː - di - ɣy - ɑrt
vrije,vrˈɛɪə,vrɛ - ɪ - ə
morgen,mˈɔrɣən,mɔr - ɣən
krijgt,krˈɛɪxt,krɛ - ɪxt
dag,dˈɑx,dɑx
beroemde,bərˈumdə,bə - rum - də
ober,ˈoːbər,oː - bər
president,prˌeːzidˈɛnt,preː - zi - dɛnt
beledigde,bəlˈeːdɪɣdə,bə - leː - dɪɣ - də
bandage,bɑndˈaːʒə,bɑn - daː - ʒə
eerst,ˈɪːrst,ɪːrst
vieze,vˈizə,vi - zə
arts,ˈɑrts,ɑrts
plastic,plˈɑstɪk,plɑ - stɪk
verschoonde,vərsxˈoːndə,vər - sxoːn - də
trok,trˈɔk,trɔk
handschoenen,hˈɑndsxunən,hɑnd - sxu - nən
met,mˈɛt,mɛt
aan,ˈaːn,aːn
sportarts,spˈɔrtˌɑrts,spɔr - tɑrts
gescheurde,ɣəsxˈøːrdə,ɣə - sxøːr - də
adviseert,ˌɑdvizˈɪrt,ɑd - vi - zɪrt
pezen,pˈeːzən,peː - zən
oma,ˈoːmaː,oː - maː
hockeyer,hˈɔkəˌiər,hɔ - kə - i - ər
verstand,vərstˈɑnt,vər - stɑnt
er,ˈər,ər
heeft,hˈeːft,heːft
veel,vˈeːl,veːl
moest,mˈust,must
verpleegster,vərplˈeːxstər,vər - pleːx - stər
gebroken,ɣəbrˈoːkən,ɣə - broː - kən
bekken,bˈɛkən,bɛ - kən
raadpleegde,rˈaːdpleːɣdə,raːd - pleːɣ - də
huilen,hˈœylən,hœy - lən
alcoholist,ˌɑlkoːhoːlˈɪst,ɑl - koːh - oː - lɪst
weer,ʋˈɪːr,ʋɪːr
bekende,bəkˈɛndə,bə - kɛn - də
psycholoog,psˈɪxoːlˌoːx,psɪx - oː - loːx
scholier,sxoːlˈir,sxoː - lir
meester,mˈeːstˌɛr,meː - stɛr
terugval,tərˈɵxvˌɑl,tə - rɵx - vɑl
treitert,trˈɛɪtərt,trɛ - ɪ - tərt
alweer,ɑlʋˈɪr,ɑl - ʋɪr
stoel,stˈul,stul
punaises,pˌynɑjzˈɛs,py - nɑj - zɛs
gelegd,ɣəlˈɛxt,ɣə - lɛxt
jochem,jˈɔxəm,jɔx - əm
op,ˈɔp,ɔp
te,tˈə,tə
altijd,ˈɑltɛɪt,ɑl - tɛ - ɪt
tijdens,tˈɛɪdəns,tɛ - ɪ - dəns
basketbal,bˈɑskɛtbˌɑl,bɑ - skɛt - bɑl
hoog,hˈoːx,hoːx
springt,sprˈɪŋt,sprɪŋt
bezeerd,bəzˈɪːrt,bə - zɪːrt
agressieve,ˌɑɣrɛsˈivə,ɑ - ɣrɛ - si - və
enkel,ˈɛŋkəl,ɛŋ - kəl
arresteert,ˌɑɾrɛstˈɪrt,ɑɾ - rɛ - stɪrt
politieman,poːlˈitsimˌɑn,poː - lit - si - mɑn
kraker,krˈaːkər,kraː - kər
hardhandig,hɑrdhˈɑndəx,hɑrdh - ɑn - dəx
werk,ʋˈɛrk,ʋɛrk
gaat,ɣˈaːt,ɣaːt
staker,stˈaːkər,staː - kər
angstige,ˈɑŋstəɣə,ɑŋ - stə - ɣə
bekogelt,bəkˈoːɣəlt,bə - koː - ɣəlt
ver,vˈɛr,vɛr
dames,dˈaːməs,daː - məs
interviewt,ˌɪntərvˈiwt,ɪn - tər - viwt
journalist,ʒˌurnaːlˈɪst,ʒur - naː - lɪst
tuberculose,tˈybərkˌyloːsə,ty - bər - ky - loː - sə
zuster,zˈɵstər,zɵ - stər
wil,ʋˈɪl,ʋɪl
bondscoach,bˈɔndskoːtʃ,bɔnd - skoːtʃ
weten,ʋˈeːtən,ʋeː - tən
lijdende,lˈɛɪdəndə,lɛ - ɪ - dən - də
wast,ʋˈɑst,ʋɑst
bejaarde,bəjˈaːrdə,bə - jaːr - də
enthousiaste,ˌɛntuʒˈɑstə,ɛn - tu - ʒɑ - stə
zorgzaam,zˈɔrɣzaːm,zɔrɣ - zaːm
vrijwilliger,vrɛɪʋˈɪləɣər,vrɛ - ɪ - ʋɪ - lə - ɣər
goochelaar,ɣˈoːxəlˌaːr,ɣoːx - ə - laːr
publiek,pɵblˈik,pɵ - blik
geduldige,ɣədˈɵldəɣə,ɣə - dɵl - də - ɣə
instrueert,ˈɪnstryˌɪrt,ɪn - stry - ɪrt
uit,ˈœyt,œyt
baby,bˈeːbi,beː - bi
doopt,dˈoːpt,doːpt
onduidelijk,ɔndˈœydələk,ɔn - dœy - də - lək
dominee,dˌoːminˈeː,doː - mi - neː
begint,bəɣˈɪnt,bə - ɣɪnt
spreken,sprˈeːkən,spreː - kən
voorganger,vˈɔːrɣɑŋər,vɔːr - ɣɑŋ - ər
snoezige,snˈuzəɣə,snu - zə - ɣə
kleintje,klˈɛɪntʲə,klɛ - ɪntʲ - ə
stevig,stˈeːvəx,steː - vəx
houdt,hˈʌʊt,hʌʊt
haar,hˈaːr,haːr
vast,vˈɑst,vɑst
boterham,bˈoːtərhˌɑm,boː - tərh - ɑm
meisje,mˈɛɪsjə,mɛ - ɪs - jə
dat,dˈɑt,dɑt
pindakaas,pˌɪndaːkˈaːs,pɪn - daː - kaːs
zonder,zˈɔndər,zɔn - dər
dochter,dˈɔxtər,dɔx - tər
verwend,vərʋˈɛnt,vər - ʋɛnt
schone,sxˈoːnə,sxoː - nə
robert,rˈoːbɛrt,roː - bɛrt
huwelijk,hˈywələk,hyw - ə - lək
jan,jˈɑn,jɑn
slikte,slˈɪktə,slɪk - tə
vroeg,vrˈux,vrux
opspoort,ˈɔpspɔːrt,ɔp - spɔːrt
detective,dˈeːtɛktˌivə,deː - tɛk - ti - və
criminelen,krˌiminˈeːlən,kri - mi - neː - lən
vette,vˈɛtə,vɛ - tə
staat,stˈaːt,staːt
speurhond,spˈøːrhɔnt,spøːrh - ɔnt
beloning,bəlˈoːnɪŋ,bə - loː - nɪŋ
drugs,drˈɵxs,drɵxs
illegale,ˌɪləɣˈaːlə,ɪ - lə - ɣaː - lə
koekje,kˈukjə,kuk - jə
trage,trˈaːʒə,traː - ʒə
afschudt,ˈɑfsxˌɵt,ɑf - sxɵt
gedetineerde,ɣədˌeːtinˈɪrdə,ɣə - deː - ti - nɪr - də
hulp,hˈɵlp,hɵlp
vandaag,vɑndˈaːx,vɑn - daːx
bewaker,bəʋˈaːkər,bə - ʋaː - kər
laatste,lˈaːtstə,laːt - stə
handlanger,hˈɑndlɑŋər,hɑnd - lɑŋ - ər
examinator,ˌɛksaːminˈaːtɔr,ɛk - saː - mi - naː - tɔr
kandidaat,kˌɑndidˈaːt,kɑn - di - daːt
overtuigt,ˌoːvərtˈœyxt,oː - vər - tœyxt
spits,spˈɪts,spɪts
imponerend,ˌɪmpoːnˈɪːrənt,ɪm - poː - nɪː - rənt
opstelde,ˈɔpstɛldə,ɔp - stɛl - də
cruciale,krˈyʃaːlə,kry - ʃaː - lə
trainer,trˈeːnər,treː - nər
training,trˈeːnɪŋ,treː - nɪŋ
wist,ʋˈɪst,ʋɪst
gevaarlijke,ɣəvˈaːrləkə,ɣə - vaːr - lə - kə
gemist,ɣəmˈɪst,ɣə - mɪst
slachtoffers,slˈɑxtɔfərs,slɑx - tɔ - fərs
niemand,nˈimɑnt,ni - mɑnt
tornado,tɔrnˈaːdoː,tɔr - naː - doː
ontstond,ɔntstˈɔnt,ɔnt - stɔnt
eisen,ˈɛɪzən,ɛ - ɪ - zən
dieven,dˈivən,di - vən
zou,zˈʌʊ,zʌʊ
ontsnapte,ɔntsnˈɑptə,ɔnt - snɑp - tə
employee,ˌɛmploːiˈeː,ɛm - ploː - i - eː
beschrijft,bəsxrˈɛɪft,bəsx - rɛ - ɪft
wrede,vrˈeːdə,vreː - də
onderdaan,ˈɔndərdˌaːn,ɔn - dər - daːn
nauwkeurig,nʌʊkˈøːrəx,nʌʊ - køː - rəx
beveelt,bəvˈeːlt,bə - veːlt
boos,bˈoːs,boːs
derde,dˈɛrdə,dɛr - də
getal,ɣətˈɑl,ɣə - tɑl
oplettende,ˈɔplˌɛtəndə,ɔ - plɛ - tən - də
toehoorder,tˈuhˌɔːrdər,tuh - ɔːr - dər
signaleert,sˌɪɲaːlˈɪrt,sɪɲ - aː - lɪrt
zes,zˈɛs,zɛs
mijn,mˈɛɪn,mɛ - ɪn
vriendin,vrˈindɪn,vrin - dɪn
gek,ɣˈɛk,ɣɛk
jongens,jˈɔŋəns,jɔŋ - əns
mona,mˈoːnaː,moː - naː
gemixte,ɣəmˈɪkstə,ɣə - mɪk - stə
drankjes,drˈɑŋkjəs,drɑŋk - jəs
kopen,kˈoːpən,koː - pən
aannemer,ˈaːnnˌeːmər,aːn - neː - mər
voor,vˈɔːr,vɔːr
bewoner,bəʋˈoːnər,bə - ʋoː - nər
humeur,hymˈøːr,hy - møːr
vrouwtje,vrˈʌʊtʲə,vrʌʊtʲ - ə
verlaten,vərlˈaːtən,vər - laː - tən
goed,ɣˈut,ɣut
matste,mˈɑtstə,mɑt - stə
poezen,pˈuzən,pu - zən
buren,bˈyrən,by - rən
ruzie,ryzˈi,ry - zi
opvangt,ˈɔpvɑŋt,ɔp - vɑŋt
populaire,pˌoːpylˈɛːrə,poː - py - lɛː - rə
jongeman,jˈɔŋəmˌɑn,jɔŋ - ə - mɑn
onlangs,ɔnlˈɑŋs,ɔn - lɑŋs
gaf,ɣˈɑf,ɣɑf
portier,pɔrtˈir,pɔr - tir
sterke,stˈɛrkə,stɛr - kə
feest,fˈeːst,feːst
beren,bˈɪːrən,bɪː - rən
groot,ɣrˈoːt,ɣroːt
betoverde,bətˈoːvərdə,bə - toː - vər - də
knappe,knˈɑpə,knɑ - pə
inhuurde,ˈɪnhˌyrdə,ɪnh - yr - də
elfje,ˈɛlfjə,ɛlf - jə
schilder,sxˈɪldər,sxɪl - dər
prinses,prɪnsˈɛs,prɪn - sɛs
tekent,tˈeːkənt,teː - kənt
pap,pˈɑp,pɑp
vriendelijk,vrˈindələk,vrin - də - lək
kokkin,kˈɔkɪn,kɔ - kɪn
onder,ˈɔndər,ɔn - dər
zit,zˈɪt,zɪt
dakloze,dˈɑkloːzə,dɑ - kloː - zə
verf,vˈɛrf,vɛrf
geen,ɣˈeːn,ɣeːn
burgers,bˈɵrɣərs,bɵr - ɣərs
kookt,kˈoːkt,koːkt
zin,zˈɪn,zɪn
meer,mˈɪːr,mɪːr
warme,ʋˈɑrmə,ʋɑr - mə
dekens,dˈeːkəns,deː - kəns
nora,nˈoːraː,noː - raː
arme,ˈɑrmə,ɑr - mə
mensen,mˈɛnsən,mɛn - sən
weeft,ʋˈeːft,ʋeːft
schutter,sxˈɵtər,sxɵ - tər
gelukkig,ɣəlˈɵkəx,ɣə - lɵ - kəx
gewelddadige,ɣəʋɛldˈaːdəɣə,ɣə - ʋɛl - daː - də - ɣə
doodde,dˈoːdə,doː - də
jullie,jɵlˈi,jɵ - li
directeur,dˌirɛktˈøːr,di - rɛk - tøːr
ruiter,rˈœytər,rœy - tər
al,ˈɑl,ɑl
eerder,ˈɪːrdər,ɪːr - dər
geweest,ɣəʋˈeːst,ɣə - ʋeːst
geliefde,ɣəlˈivdə,ɣə - liv - də
paarden,pˈaːrdən,paːr - dən
veroordeeld,vərˈɔːrdeːlt,və - rɔːr - deːlt
streelde,strˈeːldə,streːl - də
winnaar,ʋˈɪnaːr,ʋɪ - naːr
raadsman,rˈaːdsmɑn,raːd - smɑn
geworden,ɣəʋˈɔrdən,ɣə - ʋɔr - dən
bijstond,bˈɛɪstˌɔnt,bɛ - ɪ - stɔnt
delinquent,dˌeːlɪnkvˈɛnt,deː - lɪnk - vɛnt
radio,rˈaːdiˌoː,raː - di - oː
peuters,pˈøːtərs,pøː - tərs
opgesloten,ˈɔpɣəslˌoːtən,ɔp - ɣə - sloː - tən
ouders,ˈʌʊdərs,ʌʊ - dərs
alarmeren,ˌaːlɑrmˈɪːrən,aː - lɑr - mɪː - rən
in,ˈɪn,ɪn
dochters,dˈɔxtərs,dɔx - tərs
paniek,paːnˈik,paː - nik
bevrijden,bəvrˈɛɪdən,bə - vrɛ - ɪ - dən
huis,hˈœys,hœys
naar,nˈaːr,naːr
opgelucht,ˈɔpɣəlˌɵxt,ɔp - ɣə - lɵxt
joost,jˈoːst,joːst
kidnapper,kˈɪdnɑpər,kɪd - nɑ - pər
grijpt,ɣrˈɛɪpt,ɣrɛ - ɪpt
bange,bˈɑŋə,bɑŋ - ə
directrice,dˌirɛktrˈisə,di - rɛk - tri - sə
ontglipt,ɔntɣlˈɪpt,ɔnt - ɣlɪpt
bazin,bˈaːzɪn,baː - zɪn
bang,bˈɑŋ,bɑŋ
kraag,krˈaːx,kraːx
rent,rˈɛnt,rɛnt
diplomaat,dˌɪploːmˈaːt,dɪ - ploː - maːt
starre,stˈɑɾrə,stɑɾ - rə
boswachter,bˈɔsʋɑxtər,bɔs - ʋɑx - tər
deur,dˈøːr,døːr
nuchtere,nˈɵxtərə,nɵx - tə - rə
opzichter,ˈɔpzˌɪxtər,ɔp - zɪx - tər
onaardige,ɔnˈaːrdəɣə,ɔ - naːr - də - ɣə
man,mˈɑn,mɑn
uitbuit,ˈœytbˌœyt,œyt - bœyt
werknemer,ʋˈɛrknˌeːmər,ʋɛrk - neː - mər
strenge,strˈɛŋə,strɛŋ - ə
gehoorzaamt,ɣəhˈɔːrzaːmt,ɣəh - ɔːr - zaːmt
gespannen,ɣəspˈɑnən,ɣə - spɑ - nən
kwijt,kʋˈɛɪt,kʋɛ - ɪt
raken,rˈaːkən,raː - kən
hun,hˈɵn,hɵn
fans,fˈɑns,fɑns
baan,bˈaːn,baːn
bowlers,bˈɔʋlərs,bɔʋ - lərs
willen,ʋˈɪlən,ʋɪ - lən
winnen,ʋˈɪnən,ʋɪ - nən
ik,ˈɪk,ɪk
sporthelden,spˈɔrthˌɛldən,spɔrth - ɛl - dən
aanmoedigen,ˈaːnmˌudəɣən,aːn - mu - də - ɣən
sprak,sprˈɑk,sprɑk
scheve,sxˈeːvə,sxeː - və
nog,nˈɔx,nɔx
torens,tˈoːrəns,toː - rəns
hans,hˈɑns,hɑns
hielp,hˈilp,hilp
ontworpen,ɔntʋˈɔrpən,ɔnt - ʋɔr - pən
hulpverlener,hˈɵlpvərlˌeːnər,hɵlp - vər - leː - nər
bereden,bərˈeːdən,bə - reː - dən
zag,zˈɑx,zɑx
zwerver,zʋˈɛrvər,zʋɛr - vər
politie,poːlˈitsi,poː - lit - si
rende,rˈɛndə,rɛn - də
hij,hˈɛɪ,hɛ - ɪ
zieke,zˈikə,zi - kə
weg,ʋˈɛx,ʋɛx
heilsoldaat,hˌɛɪlsɔldˈaːt,hɛ - ɪl - sɔl - daːt
kamer,kˈaːmər,kaː - mər
huisvestte,hˈœysfɛstə,hœy - sfɛ - stə
grootvader,ɣrˈoːtvaːdər,ɣroːt - vaː - dər
binnenkwam,bˈɪnənkʋˌɑm,bɪ - nənk - ʋɑm
deugniet,døːɣnˈit,døːɣ - nit
slinkse,slˈɪŋksə,slɪŋk - sə
schrok,sxrˈɔk,sxrɔk
doorhad,dˈɔːrhɑt,dɔːrh - ɑt
zich,zˈɪx,zɪx
bedrogen,bədrˈoːɣən,bə - droː - ɣən
goedkope,ɣudkˈoːpə,ɣud - koː - pə
voelde,vˈuldə,vul - də
bordes,bɔrdˈɛs,bɔr - dɛs
achterste,ˈɑxtərstə,ɑx - tər - stə
repareerde,rˌeːpaːrˈɪrdə,reː - paː - rɪr - də
beunhaas,bøːnhˈaːs,bøːnh - aːs
judoka,jydˈoːkaː,jy - doː - kaː
dwaze,dʋˈaːzə,dʋaː - zə
houden,hˈʌʊdən,hʌʊ - dən
belager,bəlˈaːɣər,bə - laː - ɣər
niet,nˈit,nit
vloerde,vlˈurdə,vlur - də
misleidde,mɪslˈɛɪdə,mɪ - slɛ - ɪ - də
simpele,sˈɪmpələ,sɪm - pə - lə
bedrieger,bədrˈiɣər,bə - dri - ɣər
schuldig,sxˈɵldəx,sxɵl - dəx
tante,tˈɑntə,tɑn - tə
taxateur,tˌɑksaːtˈøːr,tɑk - saː - tøːr
agaat,aːɣˈaːt,aː - ɣaːt
won,ʋˈɔn,ʋɔn
wedstrijd,ʋˈɛtstrɛɪt,ʋɛt - strɛ - ɪt
pieren,pˈirən,pi - rən
gebruikt,ɣəbrˈœykt,ɣə - brœykt
haagse,hˈaːxsə,haːx - sə
bordeel,bɔrdˈeːl,bɔr - deːl
gladde,ɣlˈɑdə,ɣlɑ - də
naaktlopers,nˈaːktloːpərs,naːkt - loː - pərs
hebben,hˈɛbən,hɛ - bən
vermaken,vərmˈaːkən,vər - maː - kən
ontwerper,ɔntʋˈɛrpər,ɔnt - ʋɛr - pər
kleding,klˈeːdɪŋ,kleː - dɪŋ
koud,kˈʌʊt,kʌʊt
koningin,kˌoːnɪɣˈɪn,koː - nɪ - ɣɪn
verkoopt,vərkˈoːpt,vər - koːpt
creatief,krˌeːaːtˈif,kreː - aː - tif
etaleur,ˌeːtaːlˈøːr,eː - taː - løːr
stond,stˈɔnt,stɔnt
paspop,pˈɑspɔp,pɑ - spɔp
mee,mˈeː,meː
gang,ɣˈɑŋ,ɣɑŋ
nam,nˈɑm,nɑm
fransien,frɑnsˈin,frɑn - sin
duurste,dˈyrstə,dyr - stə
trompet,trɔmpˈɛt,trɔm - pɛt
genoeg,ɣənˈux,ɣə - nux
kapper,kˈɑpər,kɑ - pər
drukke,drˈɵkə,drɵ - kə
uitkiest,ˈœytkˌist,œyt - kist
geld,ɣˈɛlt,ɣɛlt
teamleider,tˈiːmlɛɪdər,tiːm - lɛ - ɪ - dər
ervaring,ɛrvˈaːrɪŋ,ɛr - vaː - rɪŋ
joke,jˈoːkə,joː - kə
bijknipt,bˈɛɪknˌɪpt,bɛ - ɪk - nɪpt
tamboerijn,tˌɑmburˈɛɪn,tɑm - bu - rɛ - ɪn
spaanse,spˈaːnsə,spaːn - sə
eenvoudige,eːnvˈʌʊdəɣə,eːn - vʌʊ - də - ɣə
vooraan,vˈɔːrˌaːn,vɔː - raːn
boerin,bˈurɪn,bu - rɪn
liefst,lˈifst,lifst
hield,hˈilt,hilt
speelt,spˈeːlt,speːlt
serveerster,sˈɛrvɪːrstər,sɛr - vɪːr - stər
werden,ʋˈɛrdən,ʋɛr - dən
behulpzame,bəhˈɵlpzaːmə,bəh - ɵlp - zaː - mə
winkel,ʋˈɪŋkəl,ʋɪŋ - kəl
netjes,nˈɛtʲəs,nɛtʲ - əs
hippe,hˈɪpə,hɪ - pə
brillen,brˈɪlən,brɪ - lən
behoorlijk,bəhˈoːrlək,bəh - oːr - lək
verkocht,vərkˈɔxt,vər - kɔxt
diafragma,dˌiɑfrˈɑɣmaː,di - ɑ - frɑɣ - maː
stugge,stˈɵɣə,stɵ - ɣə
buikholte,bˈœykhɔltə,bœykh - ɔl - tə
borstholte,bˈɔrstɔltə,bɔr - stɔl - tə
en,ˈɛn,ɛn
neem,nˈeːm,neːm
scheidt,sxˈɛɪt,sxɛ - ɪt
belangrijk,bəlˈɑŋrɛɪk,bə - lɑŋ - rɛ - ɪk
kleine,klˈɛɪnə,klɛ - ɪ - nə
boer,bˈur,bur
serieus,sˌɪːrijˈøːs,sɪː - ri - jøːs
biggetje,bˈɪɣɛtʲə,bɪ - ɣɛtʲ - ə
voert,vˈurt,vurt
kwade,kʋˈaːdə,kʋaː - də
richard,rˈɪxɑrt,rɪx - ɑrt
haatte,hˈaːtə,haː - tə
dieren,dˈirən,di - rən
oudere,ˈʌʊdərə,ʌʊ - də - rə
verzorgde,vərzˈɔrɣdə,vər - zɔrɣ - də
ging,ɣˈɪŋ,ɣɪŋ
zielige,zˈiləɣə,zi - lə - ɣə
hen,hˈɛn,hɛn
tandarts,tˈɑndɑrts,tɑn - dɑrts
verzamelen,vərzˈaːmələn,vər - zaː - mə - lən
heftige,hˈɛftəɣə,hɛf - tə - ɣə
bangerik,bˈɑŋɪːrˌɪk,bɑŋ - ɪː - rɪk
inschakelde,ˈɪnsxˌaːkəldə,ɪn - sxaː - kəl - də
pijn,pˈɛɪn,pɛ - ɪn
maand,mˈaːnt,maːnt
afgelopen,ˈɑfɣəlˌoːpən,ɑf - ɣə - loː - pən
buurman,bˈyrmɑn,byr - mɑn
complicaties,kˌɔmplikˈaːtsis,kɔm - pli - kaːt - sis
vele,vˈeːlə,veː - lə
paragnost,pˈaːrɑɣnˌɔst,paː - rɑɣ - nɔst
gewonde,ɣəʋˈɔndə,ɣə - ʋɔn - də
zus,zˈɵs,zɵs
psychose,psɪxˈoːsə,psɪx - oː - sə
beter,bˈeːtər,beː - tər
keek,kˈeːk,keːk
broer,brˈur,brur
grote,ɣrˈoːtə,ɣroː - tə
gebruikte,ɣəbrˈœyktə,ɣə - brœyk - tə
ervaren,ɛrvˈaːrən,ɛr - vaː - rən
takken,tˈɑkən,tɑ - kən
vuur,vˈyr,vyr
agent,aːɣˈɛnt,aː - ɣɛnt
daar,dˈaːr,daːr
toerist,tˈurˌɪst,tu - rɪst
gered,ɣərˈɛt,ɣə - rɛt
kopers,kˈoːpərs,koː - pərs
nieuwe,nˈiwə,niw - ə
liep,lˈip,lip
makelaars,mˈaːkəlˌaːrs,maː - kə - laːrs
eigenaar,ˈɛɪɣənˌaːr,ɛ - ɪ - ɣə - naːr
gehaaid,ɣəhˈaːjt,ɣəh - aːjt
gemaakt,ɣəmˈaːkt,ɣə - maːkt
gerst,ɣˈɛrst,ɣɛrst
lekker,lˈɛkər,lɛ - kər
biertje,bˈirtʲə,birtʲ - ə
eerste,ˈɪːrstə,ɪːr - stə
knipoogde,knˈipoːɣdə,kni - poːɣ - də
ontving,ɔntvˈɪŋ,ɔnt - vɪŋ
verse,vərsˈeː,vər - seː
jam,jˈɑm,jɑm
bramen,brˈaːmən,braː - mən
heerlijke,hˈɪːrləkə,hɪːr - lə - kə
maakt,mˈaːkt,maːkt
verhuizen,vərhˈœyzən,vərh - œy - zən
jonge,jˈɔŋə,jɔŋ - ə
dief,dˈif,dif
gestolen,ɣəstˈoːlən,ɣə - stoː - lən
vluchtte,vlˈɵxtə,vlɵx - tə
telefoon,tˌeːləfˈoːn,teː - lə - foːn
verkoper,vərkˈoːpər,vər - koː - pər
paspoort,pˈɑspɔːrt,pɑ - spɔːrt
verdiende,vərdˈində,vər - din - də
moderne,mˈoːdɛrnə,moː - dɛr - nə
aanprees,ˈaːnprˌeːs,aːn - preːs
orthopeed,ˌɔrtoːpˈeːt,ɔr - toː - peːt
behandelt,bəhˈɑndəlt,bəh - ɑn - dəlt
blessure,blɛsˈyrə,blɛ - sy - rə
benul,bənˈɵl,bə - nɵl
geeft,ɣˈeːft,ɣeːft
weinig,ʋˈɛɪnəx,ʋɛ - ɪ - nəx
secretaresse,sˈɛkrətˌaːrɛsə,sɛ - krə - taː - rɛ - sə
advocaat,ˌɑdvoːkˈaːt,ɑd - voː - kaːt
mannelijke,mˈɑnələkə,mɑ - nə - lə - kə
beambte,bəˈɑmbtə,bə - ɑmb - tə
wijze,ʋˈɛɪzə,ʋɛ - ɪ - zə
brief,brˈif,brif
oude,ˈʌʊdə,ʌʊ - də
dromen,drˈoːmən,droː - mən
ieders,ˈidərs,i - dərs
komt,kˈɔmt,kɔmt
aardige,ˈaːrdəɣə,aːr - də - ɣə
uitlegt,ˈœytlˌɛxt,œyt - lɛxt
docent,doːsˈɛnt,doː - sɛnt
zijden,zˈɛɪdən,zɛ - ɪ - dən
groene,ɣrˈunə,ɣru - nə
onderwijst,ˈɔndərʋˌɛɪst,ɔn - dər - ʋɛ - ɪst
pyjama,pijˈaːmaː,pi - jaː - maː
mag,mˈɑx,mɑx
kast,kˈɑst,kɑst
ligt,lˈɪxt,lɪxt
nichtje,nˈɪxtʲə,nɪxtʲ - ə
je,jˈə,jə
lenen,lˈeːnən,leː - nən
dit,dˈɪt,dɪt
mooie,mˈoːjə,moː - jə
jaloers,jaːlˈurs,jaː - lurs
alleen,ɑlˈeːn,ɑ - leːn
wilde,ʋˈɪldə,ʋɪl - də
potlood,pɔtlˈoːt,pɔt - loːt
ook,ˈoːk,oːk
echte,ˈɛxtə,ɛx - tə
pitbulls,pˈɪtbɵls,pɪt - bɵls
honden,hˈɔndən,hɔn - dən
taaie,tˈaːjə,taː - jə
mogen,mˈoːɣən,moː - ɣən
plekje,plˈɛkjə,plɛk - jə
rij,rˈɛɪ,rɛ - ɪ
hondje,hˈɔntjə,hɔnt - jə
dikke,dˈɪkə,dɪ - kə
doorzet,dˈɔːrzɛt,dɔːr - zɛt
duiven,dˈœyvən,dœy - vən
opjaagt,ˈɔpjaːxt,ɔp - jaːxt
door,dˈoːr,doːr
wild,ʋˈɪlt,ʋɪlt
heel,hˈeːl,heːl
scherpe,sxˈɛrpə,sxɛr - pə
bochten,bˈɔxtən,bɔx - tən
griekenland,ɣrˈikənlˌɑnt,ɣri - kən - lɑnt
voorkomen,vˈɔːrkˌoːmən,vɔːr - koː - mən
ongelukken,ˈɔnɣəlˌɵkən,ɔn - ɣə - lɵ - kən
vrouw,vrˈʌʊ,vrʌʊ
tekeningen,tˈeːkənˌɪŋən,teː - kə - nɪŋ - ən
gebeuren,ɣəbˈøːrən,ɣə - bøː - rən
vanaf,vɑnˈɑf,vɑ - nɑf
prachtige,prˈɑxtəɣə,prɑx - tə - ɣə
kunstacademie,kˌɵnstaːkˌaːdəmˈi,kɵn - staː - kaː - də - mi
dinsdag,dˈɪnzdɑx,dɪnz - dɑx
verbaasd,vərbˈaːst,vər - baːst
moeder,mˈudər,mu - dər
biscuitjes,bˈɪskœytʲəs,bɪ - skœytʲ - əs
sonja,sˈɔɲaː,sɔɲ - aː
prullenbak,prˈɵlənbˌɑk,prɵ - lən - bɑk
peetoom,peːtˈoːm,peː - toːm
overige,ˈoːvərəɣə,oː - və - rə - ɣə
gooide,ɣˈoːjdə,ɣoːj - də
snelste,snˈɛlstə,snɛl - stə
naakte,nˈaːktə,naːk - tə
politieagent,poːlˈitsiaːɣˌɛnt,poː - lit - si - aː - ɣɛnt
gearresteerd,ɣəˌɑɾrɛstˈɪrt,ɣə - ɑɾ - rɛ - stɪrt
ballerina,bˌɑlɪːrˈinaː,bɑ - lɪː - ri - naː
vermoeide,vərmˈujdə,vər - muj - də
extra,ˈɛkstraː,ɛk - straː
reporter,rˈeːpɔrtər,reː - pɔr - tər
kansloos,kˈɑnsloːs,kɑn - sloːs
vraagt,vrˈaːxt,vraːxt
wachtende,ʋˈɑxtəndə,ʋɑx - tən - də
beroemdheid,bərˈumdhɛɪt,bə - rumdh - ɛ - ɪt
wegstuurt,ʋˈɛxstˌyrt,ʋɛx - styrt
woord,ʋˈɔːrt,ʋɔːrt
zonnige,zˈɔnəɣə,zɔ - nə - ɣə
staan,stˈaːn,staːn
clown,klˈɔwn,klɔwn
terras,tˈɛɾrɑs,tɛɾ - rɑs
auto,ˈʌʊtoː,ʌʊ - toː
passende,pˈɑsəndə,pɑ - sən - də
wraak,vrˈaːk,vraːk
trekhaak,trɛkhˈaːk,trɛkh - aːk
propellor,prˈoːpɛlˌɔr,proː - pɛ - lɔr
rood,rˈoːt,roːt
mechanicus,mɛxˈaːnikˌɵs,mɛx - aː - ni - kɵs
besteld,bəstˈɛlt,bə - stɛlt
pukkels,pˈɵkəls,pɵ - kəls
juf,jˈɵf,jɵf
ontstoken,ɔntstˈoːkən,ɔnt - stoː - kən
gammele,ɣˈɑmələ,ɣɑ - mə - lə
last,lˈɑst,lɑst
verzorgt,vərzˈɔrxt,vər - zɔrxt
berispte,bərˈɪsptə,bə - rɪsp - tə
jongetje,jˈɔŋɛtʲə,jɔŋ - ɛtʲ - ə
drukknop,drˈɵknɔp,drɵk - nɔp
overvaller,ˌoːvərvˈɑlər,oː - vər - vɑ - lər
indrukte,ˈɪndrˌɵktə,ɪn - drɵk - tə
stal,stˈɑl,stɑl
verbaasde,vərbˈaːzdə,vər - baːz - də
alle,ˈɑlə,ɑ - lə
kostbaarheden,kˈɔstbaːrhˌeːdən,kɔst - baːrh - eː - dən
belegde,bəlˈɛɣdə,bə - lɛɣ - də
bolletje,bˈɔlɛtʲə,bɔ - lɛtʲ - ə
vers,vˈɛrs,vɛrs
margriet,mɑrɣrˈit,mɑr - ɣrit
aanrecht,ˈaːnrˌɛxt,aːn - rɛxt
dan,dˈɑn,dɑn
zij,zˈɛɪ,zɛ - ɪ
schreeuw,sxrˈeʊ,sxreʊ
periode,pˌɪːriˈoːdə,pɪː - ri - oː - də
vakantie,vaːkˈɑntsi,vaː - kɑnt - si
barbaar,bˈɑrbaːr,bɑr - baːr
zat,zˈɑt,zɑt
groente,ɣrˈuntə,ɣrun - tə
protest,prˈoːtɛst,proː - tɛst
vroege,vrˈuɣə,vru - ɣə
uitbracht,ˈœytbrˌɑxt,œyt - brɑxt
collega,kɔlˈeːɣaː,kɔ - leː - ɣaː
dienst,dˈinst,dinst
ingedeeld,ˈɪnɣədˌeːlt,ɪn - ɣə - deːlt
plantje,plˈɑntʲə,plɑntʲ - ə
hap,hˈɑp,hɑp
nodig,nˈoːdəx,noː - dəx
venster,vˈɛnstər,vɛn - stər
water,ʋˈaːtər,ʋaː - tər
zeldzame,zˈɛldzaːmə,zɛld - zaː - mə
luxueuze,lˈɵksyˌøːzə,lɵk - sy - øː - zə
banket,bɑŋkˈɛt,bɑŋ - kɛt
net,nˈɛt,nɛt
gebracht,ɣəbrˈɑxt,ɣə - brɑxt
tor,tˈɔr,tɔr
oom,ˈoːm,oːm
onzekere,ɔnzˈeːkərə,ɔn - zeː - kə - rə
henk,hˈɛŋk,hɛŋk
verdachte,vərdˈɑxtə,vər - dɑx - tə
lachen,lˈɑxən,lɑx - ən
opende,ˈoːpəndə,oː - pən - də
blondine,blɔndˈinə,blɔn - di - nə
uitnodigde,ˈœytnˌoːdɪɣdə,œyt - noː - dɪɣ - də
pakketje,pˈɑkɛtʲə,pɑ - kɛtʲ - ə
ondanks,ɔndˈɑŋks,ɔn - dɑŋks
zware,zʋˈaːrə,zʋaː - rə
gewoon,ɣəʋˈoːn,ɣə - ʋoːn
tegenslag,tˈeːɣənslˌɑx,teː - ɣən - slɑx
iedereen,ˌidɪːrˈeːn,i - dɪː - reːn
ervaart,ɛrvˈaːrt,ɛr - vaːrt
meeste,mˈeːstə,meː - stə
gaan,ɣˈaːn,ɣaːn
onstuimige,ɔnstˈœyməɣə,ɔn - stœy - mə - ɣə
mannen,mˈɑnən,mɑ - nən
valt,vˈɑlt,vɑlt
doorgaans,dɔːrɣˈaːns,dɔːr - ɣaːns
tieners,tˈinərs,ti - nərs
strakke,strˈɑkə,strɑ - kə
doen,dˈun,dun
hoofd,hˈoːft,hoːft
bandana,bɑndˈaːnaː,bɑn - daː - naː
brunette,brynˈɛtə,bry - nɛ - tə
stoer,stˈur,stur
partijdig,pɑrtˈɛɪdəx,pɑr - tɛ - ɪ - dəx
zangeres,zˌɑŋərˈɛs,zɑŋ - ə - rɛs
beoordeelt,bəˈɔːrdeːlt,bə - ɔːr - deːlt
gevatte,ɣəvˈɑtə,ɣə - vɑ - tə
bloemist,blumˈɪst,blu - mɪst
toch,tˈɔx,tɔx
geschikte,ɣəsxˈɪktə,ɣə - sxɪk - tə
sollicitant,sˌɔlisitˈɑnt,sɔ - li - si - tɑnt
loopt,lˈoːpt,loːpt
poema,pˈumaː,pu - maː
uitnodigt,ˈœytnˌoːdɪxt,œyt - noː - dɪxt
veluwe,vˈeːlywə,veː - lyw - ə
gevaarlijk,ɣəvˈaːrlək,ɣə - vaːr - lək
tamme,tˈɑmə,tɑ - mə
aaien,ˈaːjən,aː - jən
vera,vərˈaː,və - raː
liet,lˈit,lit
puppy,pˈɵpi,pɵ - pi
pagina,paːɣˈinaː,paː - ɣi - naː
schrikken,sxrˈɪkən,sxrɪ - kən
over,ˈoːvər,oː - vər
verkeerde,vərkˈɪːrdə,vər - kɪːr - də
blinde,blˈɪndə,blɪn - də
eendenjacht,ˈeːndəɲˌɑxt,eːn - dəɲ - ɑxt
typiste,tˈipɪstə,ti - pɪ - stə
werkte,ʋˈɛrktə,ʋɛrk - tə
handicap,hˈɛndikˌɛp,hɛn - di - kɛp
antwoord,ˈɑntʋɔːrt,ɑnt - ʋɔːrt
lieten,lˈitən,li - tən
resultaten,rˌeːzɵltˈaːtən,reː - zɵl - taː - tən
tendens,tˈɛndəns,tɛn - dəns
logen,lˈoːɣən,loː - ɣən
kleuter,klˈøːtər,kløː - tər
pruillip,prˈœylɪp,prœy - lɪp
doelwit,dˈulʋˌɪt,dul - ʋɪt
zien,zˈin,zin
flinke,flˈɪŋkə,flɪŋ - kə
tijger,tˈɛɪɣər,tɛ - ɪ - ɣər
bos,bˈɔs,bɔs
gekozen,ɣəkˈoːzən,ɣə - koː - zən
choreograaf,xˌoːrəɔɣrˈaːf,xoː - rə - ɔ - ɣraːf
danser,dˈɑnsər,dɑn - sər
arresteerde,ˌɑɾrɛstˈɪrdə,ɑɾ - rɛ - stɪr - də
uitschold,ˈœytsxˌɔlt,œyt - sxɔlt
hoorde,hˈɔːrdə,hɔːr - də
werd,ʋˈɛrt,ʋɛrt
immens,ɪmˈɛns,ɪ - mɛns
reden,rˈeːdən,reː - dən
afgevoerd,ˈɑfɣəvˌurt,ɑf - ɣə - vurt
uitgedeeld,ˈœytɣədˌeːlt,œyt - ɣə - deːlt
bestuur,bəstˈyr,bə - styr
opgemerkt,ˈɔpɣəmˌɛrkt,ɔp - ɣə - mɛrkt
leerling,lˈɪːrlɪŋ,lɪːr - lɪŋ
bonus,bˈoːnɵs,boː - nɵs
decaan,deːkˈaːn,deː - kaːn
verhoord,vərhˈɔːrt,vərh - ɔːrt
vermiste,vərmˈɪstə,vər - mɪ - stə
zwanger,zʋˈɑŋər,zʋɑŋ - ər
toestand,tˈustˌɑnt,tu - stɑnt
vermoord,vərmˈɔːrt,vər - mɔːrt
ziekenhuis,zˈikɛnhˌœys,zi - kɛnh - œys
kritieke,kritˈikə,kri - ti - kə
opgenomen,ˈɔpɣənˌoːmən,ɔp - ɣə - noː - mən
vreest,vrˈeːst,vreːst
vergeten,vərɣˈeːtən,vər - ɣeː - tən
dichter,dˈɪxtər,dɪx - tər
lezer,lˈeːzər,leː - zər
beschermheer,bəsxˈɛrmhɪːr,bə - sxɛrmh - ɪːr
delhi,dˈɛlhi,dɛlh - i
heilige,hˈɛɪləɣə,hɛ - ɪ - lə - ɣə
wanhopig,ʋɑnhˈoːpəx,ʋɑnh - oː - pəx
bouwde,bˈʌʊdə,bʌʊ - də
tempel,tˈɛmpəl,tɛm - pəl
gestorven,ɣəstˈɔrvən,ɣə - stɔr - vən
houten,hˈʌʊtən,hʌʊ - tən
bureau,byrˈoː,by - roː
elkaar,ˈɛlkaːr,ɛl - kaːr
ineen,inˈeːn,i - neːn
magere,mˈaːɣərə,maː - ɣə - rə
gezet,ɣəzˈɛt,ɣə - zɛt
dronkelap,drˈɔŋkəlˌɑp,drɔŋ - kə - lɑp
uitsmijter,ˈœytsmˌɛɪtər,œyt - smɛ - ɪ - tər
knullig,knˈɵləx,knɵ - ləx
iets,ˈits,its
ontloopt,ɔntlˈoːpt,ɔnt - loːpt
brievenbus,brˈivənbˌɵs,bri - vən - bɵs
verbergen,vərbˈɛrɣən,vər - bɛr - ɣən
zie,zˈi,zi
geschreven,ɣəsxrˈeːvən,ɣəsx - reː - vən
zelden,zˈɛldən,zɛl - dən
ster,stˈɛr,stɛr
privacy,prˈivaːsˌi,pri - vaː - si
voldoende,vˈɔldundə,vɔl - dun - də
gebeld,ɣəbˈɛlt,ɣə - bɛlt
wordt,ʋˈɔrt,ʋɔrt
vaak,vˈaːk,vaːk
acht,ˈɑxt,ɑxt
omstanders,ˈɔmstɑndərs,ɔm - stɑn - dərs
kritisch,krˈitis,kri - tis
belachelijk,bəlˈɑʃlək,bə - lɑ - ʃlək
technoloog,tˈɛxnoːlˌoːx,tɛx - noː - loːx
vlotte,vlˈɔtə,vlɔ - tə
kan,kˈɑn,kɑn
maken,mˈaːkən,maː - kən
babbel,bˈɑbəl,bɑ - bəl
wel,ʋˈɛl,ʋɛl
sollicitaties,sˌɔlisitˈaːtsis,sɔ - li - si - taːt - sis
portretten,pɔrtrˈɛtən,pɔr - trɛ - tən
vincent,vɪnsˈɛnt,vɪn - sɛnt
helpt,hˈɛlpt,hɛlpt
kon,kˈɔn,kɔn
geschilderd,ɣəsxˈɪldərt,ɣə - sxɪl - dərt
helaas,heːlˈaːs,heː - laːs
verdienen,vərdˈinən,vər - di - nən
niks,nˈɪks,nɪks
huilende,hˈœyləndə,hœy - lən - də
moeten,mˈutən,mu - tən
artiesten,ˈɑrtistən,ɑr - ti - stən
route,rˈutə,ru - tə
langs,lˈɑŋs,lɑŋs
babies,baːbˈis,baː - bis
utrechtse,ˈɵtrɛxtsə,ɵ - trɛxt - sə
plassen,plˈɑsən,plɑ - sən
verwacht,vərʋˈɑxt,vər - ʋɑxt
voorspelde,vˈɔːrspɛldə,vɔːr - spɛl - də
heks,hˈɛks,hɛks
toekomst,tˈukˌɔmst,tu - kɔmst
hard,hˈɑrt,hɑrt
langer,lˈɑŋər,lɑŋ - ər
chauffeur,ʃoːfˈøːr,ʃoː - føːr
verstopte,vərstˈɔptə,vər - stɔp - tə
buskruit,bˈɵskrœyt,bɵ - skrœyt
ontdekt,ɔntdˈɛkt,ɔnt - dɛkt
onervaren,ɔnɛrvˈaːrən,ɔ - nɛr - vaː - rən
musicus,mˈyzikˌɵs,my - zi - kɵs
dure,dˈyrə,dy - rə
zwarte,zʋˈɑrtə,zʋɑr - tə
gestemd,ɣəstˈɛmt,ɣə - stɛmt
piano,piˈaːnoː,pi - aː - noː
dorpjes,dˈɔrpjəs,dɔrp - jəs
zenuwachtig,zˈeːnyʊˌɑxtəx,zeː - nyʊ - ɑx - təx
ervan,ɛrvˈɑn,ɛr - vɑn
bezoeken,bəzˈukən,bə - zu - kən
knusse,knˈɵsə,knɵ - sə
tandem,tˈɑndəm,tɑn - dəm
enthousiast,ˌɛntuʒˈɑst,ɛn - tu - ʒɑst
kwamen,kʋˈaːmən,kʋaː - mən
verzekerd,vərzˈeːkərt,vər - zeː - kərt
hollandse,hˈɔlɑndsə,hɔ - lɑnd - sə
we,ʋˈə,ʋə
bezoekt,bəzˈukt,bə - zukt
prachtig,prˈɑxtəx,prɑx - təx
zoete,zˈutə,zu - tə
bossen,bˈɔsən,bɔ - sən
graag,ɣrˈaːx,ɣraːx
zwitserse,zʋˈɪtsɛrsə,zʋɪt - sɛr - sə
pannekoek,pˌɑnəkˈuk,pɑ - nə - kuk
gegeten,ɣəɣˈeːtən,ɣə - ɣeː - tən
modieuze,mˌoːdijˈøːzə,moː - di - jøː - zə
buikpijn,bœykpˈɛɪn,bœyk - pɛ - ɪn
tassen,tˈɑsən,tɑ - sən
sarah,sˈaːrɑh,saː - rɑh
bracht,brˈɑxt,brɑxt
markt,mˈɑrkt,mɑrkt
winkels,ʋˈɪŋkəls,ʋɪŋ - kəls
wollen,ʋˈɔlən,ʋɔ - lən
succes,sɵksˈɛs,sɵk - sɛs
onmisbaar,ɔnmɪzbˈaːr,ɔn - mɪz - baːr
ideale,ˌideːjˈaːlə,i - deː - jaː - lə
breekijzer,brˈeːkɛɪzər,breː - kɛ - ɪ - zər
minder,mˈɪndər,mɪn - dər
waard,ʋˈaːrt,ʋaːrt
twintig,tʋˈɪntəx,tʋɪn - təx
dollar,dˈɔlɑr,dɔ - lɑr
krijg,krˈɛɪx,krɛ - ɪx
voorheen,vˈɔːrhˌeːn,vɔːrh - eːn
uitstekend,ˈœytstˌeːkənt,œyt - steː - kənt
maar,mˈaːr,maːr
parkiet,pɑrkˈit,pɑr - kit
talentvolle,tˈaːləntvˌɔlə,taː - lənt - vɔ - lə
pleidooi,plˈɛɪdoːj,plɛ - ɪ - doːj
madam,mˈaːdɑm,maː - dɑm
gehouden,ɣəhˈʌʊdən,ɣəh - ʌʊ - dən
inspireert,ˈɪnspirˌɪrt,ɪn - spi - rɪrt
kooi,kˈoːj,koːj
verder,vˈɛrdər,vɛr - dər
bliksem,blˈɪksəm,blɪk - səm
brand,brˈɑnt,brɑnt
kilometer,kˈiloːmˌeːtər,ki - loː - meː - tər
hevige,hˈeːvəɣə,heː - və - ɣə
insloeg,ˈɪnslˌux,ɪn - slux
beet,bˈeːt,beːt
zomaar,zˈɔmaːr,zɔ - maːr
taart,tˈaːrt,taːrt
zorgde,zˈɔrɣdə,zɔrɣ - də
lekkere,lˈɛkərə,lɛ - kə - rə
corrupte,kˈɔɾrɵptə,kɔɾ - rɵp - tə
bankier,bɑŋkˈir,bɑŋ - kir
deed,dˈeːt,deːt
zaken,zˈaːkən,zaː - kən
goede,ɣˈudə,ɣu - də
kinderen,kˈɪndərən,kɪn - də - rən
geweten,ɣəʋˈeːtən,ɣə - ʋeː - tən
vastzittende,vˈɑstzɪtəndə,vɑst - zɪ - tən - də
passanten,pɑsˈɑntən,pɑ - sɑn - tən
kost,kˈɔst,kɔst
lijkt,lˈɛɪkt,lɛ - ɪkt
project,prˈoːjɛkt,proː - jɛkt
vallen,vˈɑlən,vɑ - lən
kapotte,kaːpˈɔtə,kaː - pɔ - tə
gebakken,ɣəbˈɑkən,ɣə - bɑ - kən
dooier,dˈoːjər,doː - jər
collega's,kɔlˈeːɣaːs,kɔ - leː - ɣaːs
ei,ˈɛɪ,ɛ - ɪ
techneut,tˈɛxnøːt,tɛx - nøːt
heerlijk,hˈɪːrlək,hɪːr - lək
troosten,trˈoːstən,troː - stən
varken,vˈɑrkən,vɑr - kən
huilt,hˈœylt,hœylt
darmen,dˈɑrmən,dɑr - mən
afkomen,ˈɑfkˌoːmən,ɑf - koː - mən
botte,bˈɔtə,bɔ - tə
gevuld,ɣəvˈɵlt,ɣə - vɵlt
bioloog,bˈioːlˌoːx,bi - oː - loːx
kwaad,kʋˈaːt,kʋaːt
struikelde,strˈœykəldə,strœy - kəl - də
behangrol,bəhˈɑŋrɔl,bəh - ɑŋ - rɔl
onhandige,ɔnhˈɑndəɣə,ɔnh - ɑn - də - ɣə
behanger,bəhˈɑŋər,bəh - ɑŋ - ər
bukte,bˈɵktə,bɵk - tə
haat,hˈaːt,haːt
adviseur,ˌɑdvizˈøːr,ɑd - vi - zøːr
onze,ɔnzˈə,ɔn - zə
overtuigde,ˌoːvərtˈœyɣdə,oː - vər - tœyɣ - də
blaren,blˈaːrən,blaː - rən
worden,ʋˈɔrdən,ʋɔr - dən
dirigent,dˌiriɣˈɛnt,di - ri - ɣɛnt
moet,mˈut,mut
luisteren,lˈœystərən,lœy - stə - rən
nu,nˈy,ny
zitten,zˈɪtən,zɪ - tən
band,bˈɑnt,bɑnt
snelle,snˈɛlə,snɛ - lə
zocht,zˈɔxt,zɔxt
drummer,drˈɵmər,drɵ - mər
plaatste,plˈaːtstə,plaːt - stə
stevige,stˈeːvəɣə,steː - və - ɣə
joris,jˈoːrɪs,joː - rɪs
penseel,pɛnsˈeːl,pɛn - seːl
korte,kˈɔrtə,kɔr - tə
advertentie,ˌɑdvərtˈɛntsi,ɑd - vər - tɛnt - si
fruitige,frˈœytəɣə,frœy - tə - ɣə
voorkeur,vˈɔːrkˌøːr,vɔːr - køːr
dranken,drˈɑŋkən,drɑŋ - kən
vreemd,vrˈeːmt,vreːmt
soms,sˈɔms,sɔms
geschonken,ɣəsxˈɔŋkən,ɣə - sxɔŋ - kən
smaakten,smˈaːktən,smaːk - tən
tenen,tˈeːnən,teː - nən
ze,zˈə,zə
kromme,krˈɔmə,krɔ - mə
recht,rˈɛxt,rɛxt
opbiechtte,ˈɔpbixtə,ɔp - bix - tə
piloot,pilˈoːt,pi - loːt
milde,mˈɪldə,mɪl - də
zonden,zˈɔndən,zɔn - dən
opa,ˈoːpaː,oː - paː
vroeger,vrˈuɣər,vru - ɣər
huilde,hˈœyldə,hœyl - də
at,ˈɑt,ɑt
toast,tˈoːɑst,toː - ɑst
bakker,bˈɑkər,bɑ - kər
muffe,mˈɵfə,mɵ - fə
of,ˈɔf,ɔf
brandweerman,brˈɑndʋɪːrmˌɑn,brɑnd - ʋɪːr - mɑn
smaakte,smˈaːktə,smaːk - tə
nerveus,nˈɛrvøːs,nɛr - vøːs
ogende,ˈoːɣəndə,oː - ɣən - də
hem,hˈɛm,hɛm
frank,frˈɑŋk,frɑŋk
pas,pˈɑs,pɑs
patholoog,pˈɑtoːlˌoːx,pɑ - toː - loːx
onderzocht,ˈɔndərzˌɔxt,ɔn - dər - zɔxt
tennisser,tˈɛnɪsər,tɛ - nɪ - sər
overleden,ˌoːvərlˈeːdən,oː - vər - leː - dən
begrafenis,bəɣrˈaːfənˌɪs,bə - ɣraː - fə - nɪs
redde,rˈɛdə,rɛ - də
kamp,kˈɑmp,kɑmp
kende,kˈɛndə,kɛn - də
enkele,ˈɛŋkələ,ɛŋ - kə - lə
begeleider,bəɣəlˈɛɪdər,bə - ɣə - lɛ - ɪ - dər
droge,drˈoːɣə,droː - ɣə
verslikte,vərslˈɪktə,vər - slɪk - tə
beschuit,bəsxˈœyt,bə - sxœyt
professor,prˈoːfɛsˌɔr,proː - fɛ - sɔr
dertigste,dˈɛrtəxstə,dɛr - təx - stə
domino,doːmˈinoː,doː - mi - noː
speelde,spˈeːldə,speːl - də
gewonnen,ɣəʋˈɔnən,ɣə - ʋɔ - nən
versleten,vərslˈeːtən,vər - sleː - tən
aardig,ˈaːrdəx,aːr - dəx
gekeurd,ɣəkˈøːrt,ɣə - køːrt
draait,drˈaːjt,draːjt
rosa,rˈoːzaː,roː - zaː
toestel,tˈustˌɛl,tu - stɛl
vreugde,vrˈøːɣdə,vrøːɣ - də
bruiloft,brˈœylɔft,brœy - lɔft
uitsterven,ˈœytstˌɛrvən,œyt - stɛr - vən
rekent,rˈeːkənt,reː - kənt
panda,pˈɑndaː,pɑn - daː
bedacht,bədˈɑxt,bə - dɑxt
u,ˈy,y
bedreigd,bədrˈɛɪxt,bə - drɛ - ɪxt
bands,bˈɑnts,bɑnts
enorme,eːnˈɔrmə,eː - nɔr - mə
populair,pˌoːpylˈɛr,poː - py - lɛr
brengen,brˈɛŋən,brɛŋ - ən
gans,ɣˈɑns,ɣɑns
tenten,tˈɛntən,tɛn - tən
andere,ˈɑndərə,ɑn - də - rə
persoon,pɛrsˈoːn,pɛr - soːn
begon,bəɣˈɔn,bə - ɣɔn
vasthield,vɑstˈilt,vɑ - stilt
ton,tˈɔn,tɔn
fladderen,flˈɑdərən,flɑ - də - rən
verborgen,vərbˈɔrɣən,vər - bɔr - ɣən
paradijs,pˌaːraːdˈɛɪs,paː - raː - dɛ - ɪs
deze,dˈeːzə,deː - zə
salade,saːlˈaːdə,saː - laː - də
gemaakte,ɣəmˈaːktə,ɣə - maːk - tə
bedorven,bədˈɔrvən,bə - dɔr - vən
tomaat,toːmˈaːt,toː - maːt
verpest,vərpˈɛst,vər - pɛst
discussie,dɪskˈɵsi,dɪ - skɵ - si
gooi,ɣˈoːj,ɣoːj
verhitte,vərhˈɪtə,vərh - ɪ - tə
uitdraaide,ˈœytdrˌaːjdə,œyt - draːj - də
perceel,pɛrsˈeːl,pɛr - seːl
gehad,ɣəhˈɑt,ɣəh - ɑt
continu,kˈɔntinˌy,kɔn - ti - ny
vaste,vˈɑstə,vɑ - stə
bestemming,bəstˈɛmɪŋ,bə - stɛ - mɪŋ
katten,kˈɑtən,kɑ - tən
plukjes,plˈɵkjəs,plɵk - jəs
verliezen,vərlˈizən,vər - li - zən
vitamine,vˌitaːmˈinə,vi - taː - mi - nə
kunnen,kˈɵnən,kɵ - nən
beetgare,bˈeːtɣaːrə,beːt - ɣaː - rə
pasta,pˈɑstaː,pɑ - staː
tekort,təkˈɔrt,tə - kɔrt
overgoten,ˌoːvərɣˈoːtən,oː - vər - ɣoː - tən
rode,rˈoːdə,roː - də
saus,sˈʌʊs,sʌʊs
versmaden,vərsmˈaːdən,vər - smaː - dən
martine,mɑrtˈinə,mɑr - ti - nə
vond,vˈɔnt,vɔnt
gepoetst,ɣəpˈutst,ɣə - putst
dressoir,drɛsʋˈaːr,drɛs - ʋaːr
glimmende,ɣlˈɪməndə,ɣlɪ - mən - də
gouden,ɣˈʌʊdən,ɣʌʊ - dən
kreta,krˈeːtaː,kreː - taː
ketting,kˈɛtɪŋ,kɛ - tɪŋ
stranden,strˈɑndən,strɑn - dən
toerisme,tˈurˌɪsmə,tu - rɪ - smə
massale,mɑsˈaːlə,mɑ - saː - lə
vanwege,vɑnʋˈeːɣə,vɑn - ʋeː - ɣə
peter,pˈeːtər,peː - tər
aantrekkelijk,ˈaːntrˌɛkələk,aːn - trɛ - kə - lək
duivel,dˈœyvəl,dœy - vəl
gemene,ɣəmˈeːnə,ɣə - meː - nə
uitgedreven,ˈœytɣədrˌeːvən,œyt - ɣə - dreː - vən
sliep,slˈip,slip
doodmoe,dˈoːdmu,doːd - mu
lelijk,lˈeːlək,leː - lək
borrels,bˈɔɾrəls,bɔɾ - rəls
meteen,mɛtˈeːn,mɛ - teːn
bezem,bˈeːzəm,beː - zəm
vloog,vlˈoːx,vloːx
lucht,lˈɵxt,lɵxt
tegen,tˈeːɣən,teː - ɣən
drinkt,drˈɪŋkt,drɪŋkt
ring,rˈɪŋ,rɪŋ
boom,bˈoːm,boːm
gereden,ɣərˈeːdən,ɣə - reː - dən
diamant,dˌiaːmˈɑnt,di - aː - mɑnt
aanbiedt,ˈaːnbˌit,aːn - bit
bevat,bəvˈɑt,bə - vɑt
rijk,rˈɛɪk,rɛ - ɪk
oogarts,ˈoːɣɑrts,oː - ɣɑrts
anne,ˈɑnə,ɑ - nə
kleurige,klˈøːrəɣə,kløː - rə - ɣə
papegaai,pˈaːpəɣˌaːj,paː - pə - ɣaːj
pitjes,pˈɪtʲəs,pɪtʲ - əs
reus,rˈøːs,røːs
gekocht,ɣəkˈɔxt,ɣə - kɔxt
zak,zˈɑk,zɑk
dwerg,dʋˈɛrx,dʋɛrx
moeilijke,mˈujləkə,muj - lə - kə
wees,ʋˈeːs,ʋeːs
knuppel,knˈɵpəl,knɵ - pəl
geleerd,ɣəlˈɪːrt,ɣə - lɪːrt
patricia,pˈɑtriʃˌaː,pɑ - tri - ʃaː
punt,pˈɵnt,pɵnt
tentamen,tɛntˈaːmən,tɛn - taː - mən
haalde,hˈaːldə,haːl - də
droger,drˈoːɣər,droː - ɣər
gekomen,ɣəkˈoːmən,ɣə - koː - mən
trui,trˈœy,trœy
terecht,tərˈɛxt,tə - rɛxt
paste,pˈɑstə,pɑ - stə
termijn,tɛrmˈɛɪn,tɛr - mɛ - ɪn
samen,sˈaːmən,saː - mən
rotterdam,rˈɔtərdˌɑm,rɔ - tər - dɑm
tot,tˈɔt,tɔt
dingen,dˈɪŋən,dɪŋ - ən
stand,stˈɑnt,stɑnt
groten,ɣrˈoːtən,ɣroː - tən
kortere,kˈɔrtərə,kɔr - tə - rə
vertrok,vərtrˈɔk,vər - trɔk
bus,bˈɵs,bɵs
getale,ɣətˈaːlə,ɣə - taː - lə
gezelschap,ɣəzˈɛlsxɑp,ɣə - zɛl - sxɑp
lezers,lˈeːzərs,leː - zərs
schrijnende,sxrˈɛɪnəndə,sxrɛ - ɪ - nən - də
situatie,sˌityˈaːtsi,si - ty - aːt - si
bezwaar,bəzʋˈaːr,bəz - ʋaːr
waaraan,ʋaːrˈaːn,ʋaː - raːn
politiek,pˌoːlitˈik,poː - li - tik
doet,dˈut,dut
dagen,dˈaːɣən,daː - ɣən
nauwelijks,nˈʌʊələks,nʌʊ - ə - ləks
nederlandse,nˈeːdərlˌɑndsə,neː - dər - lɑnd - sə
meest,mˈeːst,meːst
nederland,nˈeːdərlˌɑnt,neː - dər - lɑnt
succesvolle,sˈɵksɛsfˌɔlə,sɵk - sɛ - sfɔ - lə
ter,tˈɛr,tɛr
accountants,ˌɑkkʌʊntˈɑnts,ɑk - kʌʊn - tɑnts
toezicht,tˈuzˌɪxt,tu - zɪxt
zoals,zoːˈɑls,zoː - ɑls
problemen,prɔblˈeːmən,prɔ - bleː - mən
regionale,rˌeːɣioːnˈaːlə,reː - ɣi - oː - naː - lə
pillen,pˈɪlən,pɪ - lən
blauwe,blˈʌʊə,blʌʊ - ə
poeders,pˈudərs,pu - dərs
antillen,ˈɑntɪlən,ɑn - tɪ - lən
ingevoerd,ˈɪnɣəvˌurt,ɪn - ɣə - vurt
complete,kɔmplˈeːtə,kɔm - pleː - tə
zo,zˈoː,zoː
haalt,hˈaːlt,haːlt
verband,vərbˈɑnt,vər - bɑnt
vorig,vˈoːrəx,voː - rəx
bouwsel,bˈʌʊsəl,bʌʊ - səl
jaar,jˈaːr,jaːr
dertig,dˈɛrtəx,dɛr - təx
allemaal,ˌɑləmˈaːl,ɑ - lə - maːl
actiegroep,ˈɑksiɣrˌup,ɑk - si - ɣrup
dossiers,dɔsˈirs,dɔ - sirs
probleem,prɔblˈeːm,prɔ - bleːm
gekoppeld,ɣəkˈɔpəlt,ɣə - kɔ - pəlt
nieuw,nˈiw,niw
natuur,naːtˈyr,naː - tyr
paard,pˈaːrt,paːrt
race,(en)ɹˈeɪs(nl),(en)ɹ - e - ɪs(nl)
olympisch,oːlˈɪmpis,oː - lɪm - pis
waterland,ʋˈaːtərlˌɑnt,ʋaː - tər - lɑnt
bij,bˈɛɪ,bɛ - ɪ
als,ˈɑls,ɑls
eindigde,ˈɛɪndɪɣdə,ɛ - ɪn - dɪɣ - də
bedoeling,bədˈulˌɪŋ,bə - du - lɪŋ
openbare,ˈoːpənbˌaːrə,oː - pən - baː - rə
duidelijk,dˈœydələk,dœy - də - lək
wat,ʋˈɑt,ʋɑt
werkt,ʋˈɛrkt,ʋɛrkt
debat,dˈeːbɑt,deː - bɑt
per,pˈɛr,pɛr
twaalf,tʋˈaːlf,tʋaːlf
eigen,ˈɛɪɣən,ɛ - ɪ - ɣən
bestaan,bəstˈaːn,bə - staːn
india,ˈɪndˌiaː,ɪn - di - aː
bruid,brˈœyt,brœyt
uur,ˈyr,yr
kerk,kˈɛrk,kɛrk
groeperingen,ɣrupˈɪːrɪŋən,ɣru - pɪː - rɪŋ - ən
bestrijden,bəstrˈɛɪdən,bə - strɛ - ɪ - dən
macht,mˈɑxt,mɑxt
bekendheid,bəkˈɛndhɛɪt,bə - kɛndh - ɛ - ɪt
tijdrovende,tˈɛɪdroːvəndə,tɛ - ɪ - droː - vən - də
binnen,bˈɪnən,bɪ - nən
klassieke,klɑsˈikə,klɑ - si - kə
procedure,prˌoːseːdˈyrə,proː - seː - dy - rə
pubers,pˈybərs,py - bərs
animatie,ˌaːnimˈaːtsi,aː - ni - maːt - si
broodje,brˈoːtjə,broːt - jə
overlast,ˌoːvərlˈɑst,oː - vər - lɑst
straat,strˈaːt,straːt
belegd,bəlˈɛxt,bə - lɛxt
zorgen,zˈɔrɣən,zɔr - ɣən
ham,hˈɑm,hɑm
bedrijf,bədrˈɛɪf,bə - drɛ - ɪf
arbeiders,ˈɑrbɛɪdərs,ɑr - bɛ - ɪ - dərs
kaas,kˈaːs,kaːs
duizend,dˈœyzənt,dœy - zənt
werken,ʋˈɛrkən,ʋɛr - kən
anke,ˈɑŋkə,ɑŋ - kə
station,staːʃˈɔn,staː - ʃɔn
tegenover,tˈeːɣənˌoːvər,teː - ɣə - noː - vər
wijnglazen,ʋɛɪŋlˈaːzən,ʋɛ - ɪŋ - laː - zən
bovenste,bˈoːvənstˌeː,boː - vən - steː
gieter,ɣˈitər,ɣi - tər
plant,plˈɑnt,plɑnt
plank,plˈɑŋk,plɑŋk
trimmers,trˈɪmərs,trɪ - mərs
bereikten,bərˈɛɪktən,bə - rɛ - ɪk - tən
moedige,mˈudəɣə,mu - də - ɣə
keukenkastje,kˈøːkəŋkˌɑstʲə,køː - kəŋ - kɑstʲ - ə
eindelijk,ˈɛɪndələk,ɛ - ɪn - də - lək
top,tˈɔp,tɔp
berg,bˈɛrx,bɛrx
diepe,dˈipə,di - pə
maakte,mˈaːktə,maːk - tə
huishoudster,hˈœyshʌʊtstər,hœysh - ʌʊt - stər
tafel,tˈaːfəl,taː - fəl
buiging,bˈœyɣɪŋ,bœy - ɣɪŋ
af,ˈɑf,ɑf
vochtig,vˈɔxtəx,vɔx - təx
zakenvrouw,zˈaːkənvrˌʌʊ,zaː - kən - vrʌʊ
doekje,dˈukjə,duk - jə
verwijderen,vərʋˈɛɪdərən,vər - ʋɛ - ɪ - də - rən
stof,stˈɔf,stɔf
droeg,drˈux,drux
pantalon,pˌɑntaːlˈɔn,pɑn - taː - lɔn
grijze,ɣrˈɛɪzə,ɣrɛ - ɪ - zə
voorstelling,vˈɔːrstɛlˌɪŋ,vɔːr - stɛ - lɪŋ
jaarlijks,jˈaːrləks,jaːr - ləks
keukenhof,kˈøːkɛnhˌɔf,køː - kɛnh - ɔf
buitenlandse,bˈœytənlˌɑndsə,bœy - tən - lɑnd - sə
druk,drˈɵk,drɵk
bezocht,bəzˈɔxt,bə - zɔxt
garage,ɣaːrˈaːʒə,ɣaː - raː - ʒə
toeristen,tˈurˌɪstən,tu - rɪ - stən
fotocamera's,fˈoːtoːkˌaːmərˌaːs,foː - toː - kaː - mə - raːs
beurt,bˈøːrt,bøːrt
periodieke,pˌɪːrioːdˈikə,pɪː - ri - oː - di - kə
kees,kˈeːs,keːs
keuring,kˈøːrɪŋ,køː - rɪŋ
keurig,kˈøːrəx,køː - rəx
kocht,kˈɔxt,kɔxt
bloemen,blˈumən,blu - mən
bosje,bˈɔsjə,bɔs - jə
koning,kˈoːnɪŋ,koː - nɪŋ
doos,dˈoːs,doːs
troon,trˈoːn,troːn
bonbons,bɔnbˈɔns,bɔn - bɔns
sprookje,sprˈoːkjə,sproːk - jə
niksen,nˈɪksən,nɪk - sən
kleurde,klˈøːrdə,kløːr - də
varkenshaar,vˈɑrkɛnʃˌaːr,vɑr - kɛn - ʃaːr
klein,klˈɛɪn,klɛ - ɪn
helemaal,hˌeːləmˈaːl,heː - lə - maːl
details,deːtˈɑjs,deː - tɑjs
kraan,krˈaːn,kraːn
dorien,doːrˈin,doː - rin
druppende,drˈɵpəndə,drɵ - pən - də
keuken,kˈøːkən,køː - kən
viert,vˈirt,virt
tienjarig,tiɲˈaːrəx,tiɲ - aː - rəx
firma,fˈɪrmaː,fɪr - maː
koorts,kˈɔːrts,kɔːrts
gigantisch,ɣiɣˈɑntis,ɣi - ɣɑn - tis
bestelling,bəstˈɛlɪŋ,bə - stɛ - lɪŋ
griep,ɣrˈip,ɣrip
geduldig,ɣədˈɵldəx,ɣə - dɵl - dəx
lastige,lˈɑstəɣə,lɑ - stə - ɣə
simpel,sˈɪmpəl,sɪm - pəl
kopieerwerk,kˈoːpiˌeːrʋɛrk,koː - pi - eːr - ʋɛrk
gebruiken,ɣəbrˈœykən,ɣə - brœy - kən
uitsluitend,ˈœytslˌœytənt,œyt - slœy - tənt
kantoor,kɑntˈoːr,kɑn - toːr
marco,mˈɑrkoː,mɑr - koː
papier,paːpˈir,paː - pir
milieu,mɪljˈøː,mɪl - jøː
ongekleurd,ˌɔnɣəklˈøːrt,ɔn - ɣə - kløːrt
half,hˈɑlf,hɑlf
ieder,ˈidər,i - dər
controle,kɔntrˈoːlə,kɔn - troː - lə
lisa,lˈizaː,li - zaː
boeket,bukˈɛt,bu - kɛt
floor,flˈoːr,floːr
bezorgde,bəzˈɔrɣdə,bə - zɔrɣ - də
rozen,rˈoːzən,roː - zən
vannacht,vɑnnˈɑxt,vɑn - nɑxt
hele,hˈeːlə,heː - lə
waren,ʋˈaːrən,ʋaː - rən
twee,tʋˈeː,tʋeː
droom,drˈoːm,droːm
slangen,slˈɑŋən,slɑŋ - ən
auto's,ˈʌʊtoːs,ʌʊ - toːs
betrokken,bətrˈɔkən,bə - trɔ - kən
autoweg,ˈʌʊtoːʋˌɛx,ʌʊ - toː - ʋɛx
frontale,frɔntˈaːlə,frɔn - taː - lə
beschuldigde,bəsxˈɵldɪɣdə,bə - sxɵl - dɪɣ - də
botsing,bˈɔtsɪŋ,bɔt - sɪŋ
diefstal,dˈifstɑl,dif - stɑl
herkend,hɛrkˈɛnt,hɛr - kɛnt
theater,tˈeːaːtər,teː - aː - tər
krullen,krˈɵlən,krɵ - lən
blonde,blˈɔndə,blɔn - də
zanger,zˈɑŋər,zɑŋ - ər
trad,trˈɑt,trɑt
ahoy,ˈaːhoːˌi,aːh - oː - i
ouderwetse,ˈʌʊdərʋˌɛtsə,ʌʊ - dər - ʋɛt - sə
pruik,prˈœyk,prœyk
boerendorp,bˈurəndˌɔrp,bu - rən - dɔrp
klompen,klˈɔmpən,klɔm - pən
dorien's,doːrˈins,doː - rins
sinds,sˈɪnts,sɪnts
hier,hˈir,hir
bezoek,bəzˈuk,bə - zuk
wieg,ʋˈix,ʋix
veranderd,vərˈɑndərt,və - rɑn - dərt
lag,lˈɑx,lɑx
gebalde,ɣəbˈɑldə,ɣə - bɑl - də
knuistjes,knˈœystʲəs,knœystʲ - əs
spelen,spˈeːlən,speː - lən
slapen,slˈaːpən,slaː - pən
lette,lˈɛtə,lɛ - tə
bewegingen,bəʋˈeːɣɪŋən,bə - ʋeː - ɣɪŋ - ən
orkest,ˈɔrkɛst,ɔr - kɛst
na,nˈaː,naː
grootste,ɣrˈoːtstə,ɣroːt - stə
partij,pɑrtˈɛɪ,pɑr - tɛ - ɪ
pvda,pvdˈaː,pvdaː
verkiezingen,vərkˈizɪŋən,vər - ki - zɪŋ - ən
waarschijnlijk,ʋaːrsxˈɛɪnlək,ʋaːr - sxɛ - ɪn - lək
plein,plˈɛɪn,plɛ - ɪn
centrale,sɛntrˈaːlə,sɛn - traː - lə
rotzooi,rˈɔtzoːj,rɔt - zoːj
spanje,spˈɑɲə,spɑɲ - ə
trek,trˈɛk,trɛk
gunstige,ɣˈɵnstəɣə,ɣɵn - stə - ɣə
klimaat,klimˈaːt,kli - maːt
tegenwoordig,tˈeːɣənʋˌɔːrdəx,teː - ɣən - ʋɔːr - dəx
verjaardag,vərjˈaːrdˌɑx,vər - jaːr - dɑx
bouw,bˈʌʊ,bʌʊ
juichen,jˈœyxən,jœyx - ən
danspasjes,dˈɑnspɑsjəs,dɑn - spɑs - jəs
verrassingen,vərrˈɑsɪŋən,vər - rɑ - sɪŋ - ən
schuurtje,sxˈyrtʲə,sxyrtʲ - ə
voeten,vˈutən,vu - tən
roos,rˈoːs,roːs
bleek,blˈeːk,bleːk
karwei,kˈɑrʋɛɪ,kɑr - ʋɛ - ɪ
totale,toːtˈaːlə,toː - taː - lə
minister,mˈinɪstər,mi - nɪ - stər
beugel,bˈøːɣəl,bøː - ɣəl
benieuwd,bənˈiwt,bə - niwt
kiezers,kˈizərs,ki - zərs
percentage,pˌɛrsəntˈaːʒə,pɛr - sən - taː - ʒə
friesland,frˈislɑnt,fri - slɑnt
achttiende,ˈɑxtində,ɑx - tin - də
juni,jˈyni,jy - ni
koppel,kˈɔpəl,kɔ - pəl
verloofde,vərlˈoːvdə,vər - loːv - də
bekijkt,bəkˈɛɪkt,bə - kɛ - ɪkt
artsen,ˈɑrtsən,ɑrt - sən
belangrijke,bəlˈɑŋrɛɪkə,bə - lɑŋ - rɛ - ɪ - kə
locatie,loːkˈaːtsi,loː - kaːt - si
stad,stˈɑt,stɑt
chirurgie,ʃˌirɵrɣˈi,ʃi - rɵr - ɣi
koffie,kɔfˈi,kɔ - fi
bespreking,bəsprˈeːkɪŋ,bə - spreː - kɪŋ
buiten,bˈœytən,bœy - tən
plaats,plˈaːts,plaːts
suiker,sˈœykər,sœy - kər
riskante,rɪskˈɑntə,rɪ - skɑn - tə
kruising,krˈœyzɪŋ,krœy - zɪŋ
terrorist,tˌɛɾroːrˈɪst,tɛɾ - roː - rɪst
wisselen,ʋˈɪsələn,ʋɪ - sə - lən
uren,ˈyrən,y - rən
vervelend,vərvˈeːlənt,vər - veː - lənt
schildwacht,sxˈɪldʋɑxt,sxɪld - ʋɑxt
dwaalspoor,dʋaːlspˈoːr,dʋaːl - spoːr
poort,pˈɔːrt,pɔːrt
vervallen,vərvˈɑlən,vər - vɑ - lən
kasteel,kɑstˈeːl,kɑ - steːl
uitkijk,ˈœytkˌɛɪk,œyt - kɛ - ɪk
zingen,zˈɪŋən,zɪŋ - ən
maakten,mˈaːktən,maːk - tən
kring,krˈɪŋ,krɪŋ
stormachtige,stɔrmˈɑxtəɣə,stɔr - mɑx - tə - ɣə
teams,tˈiːms,tiːms
meerdere,mˈɪːrdərə,mɪːr - də - rə
spannende,spˈɑnəndə,spɑ - nən - də
sporthal,spˈɔrthˌɑl,spɔrth - ɑl
agenten,aːɣˈɛntən,aː - ɣɛn - tən
aantal,ˈaːntˌɑl,aːn - tɑl
reclame,rɛklˈaːmə,rɛ - klaː - mə
vechtende,vˈɛxtəndə,vɛx - tən - də
besteden,bəstˈeːdən,bə - steː - dən
halverwege,hˌɑlvərʋˈeːɣə,hɑl - vər - ʋeː - ɣə
aankoop,ˈaːnkˌoːp,aːn - koːp
lucratieve,lˌɵkraːtˈivə,lɵ - kraː - ti - və
sluiten,slˈœytən,slœy - tən
bedrijven,bədrˈɛɪvən,bə - drɛ - ɪ - vən
stakingen,stˈaːkɪŋən,staː - kɪŋ - ən
lening,lˈeːnɪŋ,leː - nɪŋ
slachthuis,slˈɑxtœys,slɑx - tœys
huidige,hˈœydəɣə,hœy - də - ɣə
flessen,flˈɛsən,flɛ - sən
stijgen,stˈɛɪɣən,stɛ - ɪ - ɣən
krijgen,krˈɛɪɣən,krɛ - ɪ - ɣən
wijn,ʋˈɛɪn,ʋɛ - ɪn
fles,flˈɛs,flɛs
vlees,vlˈeːs,vleːs
rijke,rˈɛɪkə,rɛ - ɪ - kə
prijzen,prˈɛɪzən,prɛ - ɪ - zən
cadeau,kaːdˈoː,kaː - doː
eeuwenoude,ˈeʊənˌʌʊdə,eʊ - ə - nʌʊ - də
eik,ˈɛɪk,ɛ - ɪk
witte,ʋˈɪtə,ʋɪ - tə
tuin,tˈœyn,tœyn
volop,vˈoːlɔp,voː - lɔp
opening,ˈoːpənˌɪŋ,oː - pə - nɪŋ
tulpen,tˈɵlpən,tɵl - pən
stellen,stˈɛlən,stɛ - lən
kregen,krˈeːɣən,kreː - ɣən
consumptie,kɔnsˈɵmpsi,kɔn - sɵmp - si
gedreven,ɣədrˈeːvən,ɣə - dreː - vən
bloeien,blˈujən,blu - jən
talrijke,tˈɑlrɛɪkə,tɑl - rɛ - ɪ - kə
advocaten,ˌɑdvoːkˈaːtən,ɑd - voː - kaː - tən
vragen,vrˈaːɣən,vraː - ɣən
trakteren,trɑktˈɪːrən,trɑk - tɪː - rən
vrienden,vrˈindən,vrin - dən
behaalde,bəhˈaːldə,bəh - aːl - də
gebak,ɣəbˈɑk,ɣə - bɑk
leden,lˈeːdən,leː - dən
diploma,dɪplˈoːmaː,dɪ - ploː - maː
rumoerige,rymˈurəɣə,ry - mu - rə - ɣə
beslisten,bəslˈɪstən,bə - slɪ - stən
staking,stˈaːkɪŋ,staː - kɪŋ
zetten,zˈɛtən,zɛ - tən
gooien,ɣˈoːjən,ɣoː - jən
voort,vˈɔːrt,vɔːrt
beheerder,bəhˈɪːrdər,bəh - ɪːr - dər
ergernis,ˈɛrɣərnˌɪs,ɛr - ɣər - nɪs
terrein,tˈɛɾrɛɪn,tɛɾ - rɛ - ɪn
ijslollies,ˌɛɪslɔlˈis,ɛ - ɪ - slɔ - lis
duikers,dˈœykərs,dœy - kərs
fabrikant,fˌɑbrikˈɑnt,fɑ - bri - kɑnt
hoge,hˈoːɣə,hoː - ɣə
springen,sprˈɪŋən,sprɪŋ - ən
behoefte,bəhˈuftə,bəh - uf - tə
productie,proːdˈɵksi,proː - dɵk - si
duikplank,dˈœykplɑŋk,dœyk - plɑŋk
gruwelijk,ɣrˈywələk,ɣryw - ə - lək
zwembad,zʋˈɛmbɑt,zʋɛm - bɑt
leerlingen,lˈɪːrlɪŋən,lɪːr - lɪŋ - ən
zowel,zoːʋˈɛl,zoː - ʋɛl
goud,ɣˈʌʊt,ɣʌʊt
doodzieke,doːdzˈikə,doːd - zi - kə
docenten,doːsˈɛntən,doː - sɛn - tən
verwende,vərʋˈɛndə,vər - ʋɛn - də
bidden,bˈɪdən,bɪ - dən
gehulde,ɣəhˈɵldə,ɣəh - ɵl - də
bedelaar,bˈeːdəlˌaːr,beː - də - laːr
lompen,lˈɔmpən,lɔm - pən
steelt,stˈeːlt,steːlt
groenteboer,ɣrˌuntəbˈur,ɣrun - tə - bur
vrolijke,vrˈoːləkə,vroː - lə - kə
fruit,frˈœyt,frœyt
meisjes,mˈɛɪsjəs,mɛ - ɪs - jəs
braderie,brˌaːdərˈi,braː - də - ri
uitgelaten,ˈœytɣəlˌaːtən,œyt - ɣə - laː - tən
dansen,dˈɑnsən,dɑn - sən
feestgangers,fˈeːstɣɑŋərs,feːst - ɣɑŋ - ərs
gezellige,ɣəzˈɛləɣə,ɣə - zɛ - lə - ɣə
lachwekkende,lˈɑxʋɛkəndə,lɑx - ʋɛ - kən - də
rusten,rˈɵstən,rɵ - stən
park,pˈɑrk,pɑrk
clowns,klˈɔwns,klɔwns
dronken,drˈɔŋkən,drɔŋ - kən
dwaasheden,dʋˈaːsheːdən,dʋaːsh - eː - dən
talloze,tˈɑlloːzə,tɑl - loː - zə
verzint,vərzˈɪnt,vər - zɪnt
laaiend,lˈaːjənt,laː - jənt
flauw,flˈʌʊ,flʌʊ
smoesje,smˈusjə,smus - jə
bestuurder,bəstˈyrdər,bə - styr - dər
fel,fˈɛl,fɛl
serveert,sɛrvˈɪrt,sɛr - vɪrt
ananassen,ˈaːnaːnˌɑsən,aː - naː - nɑ - sən
kokosnoten,kˌoːkɔsnˈoːtən,koː - kɔ - snoː - tən
gekleurde,ɣˈɛkløːrdə,ɣɛ - kløːr - də
vriend,vrˈint,vrint
bedenkt,bədˈɛŋkt,bə - dɛŋkt
gedicht,ɣədˈɪxt,ɣə - dɪxt
verrassen,vərrˈɑsən,vər - rɑ - sən
toepasselijk,tˈupˌɑsələk,tu - pɑ - sə - lək
kersverse,kˈɛrsfɛrsə,kɛr - sfɛr - sə
overvallers,ˌoːvərvˈɑlərs,oː - vər - vɑ - lərs
bruidspaar,brˈœydspaːr,brœyd - spaːr
diamanten,dˌiaːmˈɑntən,di - aː - mɑn - tən
restaurants,rˌɛstʌʊrˈɑnts,rɛ - stʌʊ - rɑnts
nemen,nˈeːmən,neː - mən
genoegen,ɣənˈuɣən,ɣə - nu - ɣən
handvol,hˈɑndvɔl,hɑnd - vɔl
indische,ˈɪndˌɪsə,ɪn - dɪ - sə
leest,lˈeːst,leːst
pepers,pˈeːpərs,peː - pərs
pikant,pikˈɑnt,pi - kɑnt
zondagse,zˈɔndɑxsə,zɔn - dɑx - sə
geserveerd,ɣəsɛrvˈɪrt,ɣə - sɛr - vɪrt
huiskamer,hˈœyskaːmər,hœy - skaː - mər
boekje,bˈukjə,buk - jə
krant,krˈɑnt,krɑnt
presenteert,prˌeːzɛntˈɪrt,preː - zɛn - tɪrt
dame,dˈaːmə,daː - mə
pientere,pˈintərə,pin - tə - rə
buffet,byfˈɛt,by - fɛt
lopend,lˈoːpənt,loː - pənt
china,ʃˈinaː,ʃi - naː
naaien,nˈaːjən,naː - jən
consumenten,kˌɔnsymˈɛntən,kɔn - sy - mɛn - tən
verstandige,vərstˈɑndəɣə,vər - stɑn - də - ɣə
westerse,ʋɛstˈɛrsə,ʋɛ - stɛr - sə
kleren,klˈɪːrən,klɪː - rən
vlug,vlˈɵx,vlɵx
spijbelen,spˈɛɪbələn,spɛ - ɪ - bə - lən
keuze,kˈøːzə,køː - zə
drang,drˈɑŋ,drɑŋ
overvalt,ˌoːvərvˈɑlt,oː - vər - vɑlt
drie,drˈi,dri
me,mˈə,mə
karin,kˈaːrɪn,kaː - rɪn
vertrekken,vərtrˈɛkən,vər - trɛ - kən
vocalisten,vˌoːkaːlˈɪstən,voː - kaː - lɪ - stən
indruk,ˈɪndrˌɵk,ɪn - drɵk
dijken,dˈɛɪkən,dɛ - ɪ - kən
vastgesteld,vˈɑstɣɛstəlt,vɑst - ɣɛ - stəlt
dergelijk,dˈɛrɣələk,dɛr - ɣə - lək
terug,tərˈɵx,tə - rɵx
amsterdam,ˈɑmstərdˌɑm,ɑm - stər - dɑm
dierentuin,dˈirəntˌœyn,di - rən - tœyn
kom,kˈɔm,kɔm
heropende,hɛrˈoːpəndə,hɛ - roː - pən - də
moment,moːmˈɛnt,moː - mɛnt
dorpje,dˈɔrpjə,dɔrp - jə
niets,nˈits,nits
prestatie,prɛstˈaːtsi,prɛ - staːt - si
hond,hˈɔnt,hɔnt
broertje,brˈurtʲə,brurtʲ - ə
nieuwbouw,nˈiwbʌʊ,niw - bʌʊ
jaren,jˈaːrən,jaː - rən
afhankelijke,ˈɑfhˌɑŋkələkə,ɑfh - ɑŋ - kə - lə - kə
vroegere,vrˈuɣərə,vru - ɣə - rə
positie,poːzˈitsi,poː - zit - si
veranderde,vərˈɑndərdə,və - rɑn - dər - də
past,pˈɑst,pɑst
onnodige,ɔnnˈoːdəɣə,ɔn - noː - də - ɣə
breekt,brˈeːkt,breːkt
drama,drˈaːmaː,draː - maː
los,lˈɔs,lɔs
grondstoffen,ɣrˈɔntstɔfən,ɣrɔnt - stɔ - fən
vraag,vrˈaːx,vraːx
naam,nˈaːm,naːm
ons,ˈɔns,ɔns
noemen,nˈumən,nu - mən
geldt,ɣˈɛlt,ɣɛlt
houding,hˈʌʊdɪŋ,hʌʊ - dɪŋ
congres,kɔnɣrˈɛs,kɔn - ɣrɛs
verlaging,vərlˈaːɣɪŋ,vər - laː - ɣɪŋ
reparaties,rˌeːpaːrˈaːtsis,reː - paː - raːt - sis
komende,kˈoːməndə,koː - mən - də
begin,bəɣˈɪn,bə - ɣɪn
vertrouwen,vərtrˈʌʊən,vər - trʌʊ - ən
verloren,vərlˈoːrən,vər - loː - rən
dwaling,dʋˈaːlɪŋ,dʋaː - lɪŋ
ingegeven,ˈɪnɣəɣˌeːvən,ɪn - ɣə - ɣeː - vən
grove,ɣrˈoːvə,ɣroː - və
inzinking,ˈɪnzˌɪŋkɪŋ,ɪn - zɪŋ - kɪŋ
zelfs,zˈɛlfs,zɛlfs
mentale,mɛntˈaːlə,mɛn - taː - lə
voorgenomen,vˈɔːrɣənˌoːmən,vɔːr - ɣə - noː - mən
destructie,dɛstrˈɵksi,dɛ - strɵk - si
besluit,bəslˈœyt,bə - slœyt
kerncentrale,kˌɛrnsəntrˈaːlə,kɛrn - sən - traː - lə
dodewaard,dˈoːdɛwˌaːrt,doː - dɛw - aːrt
betere,bˈeːtərə,beː - tə - rə
afgedwongen,ˈɑfɣədʋˌɔŋən,ɑf - ɣəd - ʋɔŋ - ən
europese,ˌøːroːpˈeːsə,øː - roː - peː - sə
behuizing,bəhˈœyzɪŋ,bəh - œy - zɪŋ
wanneer,ʋɑnˈɪr,ʋɑ - nɪr
lakse,lˈɑksə,lɑk - sə
eens,ˈeːns,eːns
geliefd,ɣəlˈift,ɣə - lift
regels,rˈeːɣəls,reː - ɣəls
gebied,ɣəbˈit,ɣə - bit
uitgebreid,ˈœytɣəbrˌɛɪt,œyt - ɣə - brɛ - ɪt
manier,maːnˈir,maː - nir
troepen,trˈupən,tru - pən
zeventig,zˈeːvəntəx,zeː - vən - təx
programma,proːɣrˈɑmaː,proː - ɣrɑ - maː
boeiende,bˈujəndə,bu - jən - də
popconcert,pˈɔpkɔnsˌɛrt,pɔp - kɔn - sɛrt
wereld,ʋˈɪːrəlt,ʋɪː - rəlt
komen,kˈoːmən,koː - mən
luisteraars,lˈœystərˌaːrs,lœy - stə - raːrs
miljoenen,mˈɪljunən,mɪl - ju - nən
duizenden,dˈœyzəndən,dœy - zən - dən
eeuwige,ˈeʊəɣə,eʊ - ə - ɣə
bericht,bərˈɪxt,bə - rɪxt
jeruzalem,jˈɪːryzˌaːləm,jɪː - ry - zaː - ləm
trouwe,trˈʌʊə,trʌʊ - ə
dienaren,dˈinaːrən,di - naː - rən
toe,tˈu,tu
malafide,mˈaːlaːfˌidə,maː - laː - fi - də
eisende,ˈɛɪzəndə,ɛ - ɪ - zən - də
tijd,tˈɛɪt,tɛ - ɪt
dreef,drˈeːf,dreːf
boeken,bˈukən,bu - kən
lees,lˈeːs,leːs
makelaar,maːkˈɛlaːr,maː - kɛ - laːr
bekentenis,bəkˈɛntənˌɪs,bə - kɛn - tə - nɪs
machtige,mˈɑxtəɣə,mɑx - tə - ɣə
moord,mˈɔːrt,mɔːrt
personeel,pˌɛrsoːnˈeːl,pɛr - soː - neːl
overwinning,ˌoːvərʋˈɪnɪŋ,oː - vər - ʋɪ - nɪŋ
hopelijk,hˈoːpələk,hoː - pə - lək
snel,snˈɛl,snɛl
centraal,sɛntrˈaːl,sɛn - traːl
bolivia,bˈoːlivˌiaː,boː - li - vi - aː
hawaii,hˈaːʋɑjˌi,haː - ʋɑ - ji
zuiden,zˈœydən,zœy - dən
alles,ˈɑləs,ɑ - ləs
anders,ˈɑndərs,ɑn - dərs
vandaar,vɑndˈaːr,vɑn - daːr
paar,pˈaːr,paːr
kippen,kˈɪpən,kɪ - pən
arbeidsethos,ˈɑrbɛɪdsˌɛtɔs,ɑr - bɛ - ɪd - sɛ - tɔs
staande,stˈaːndə,staːn - də
bemachtigen,bəmˈɑxtəɣən,bə - mɑx - tə - ɣən
pootjes,pˈoːtʲəs,poːtʲ - əs
daders,dˈaːdərs,daː - dərs
bijna,bˈɛɪnˌaː,bɛ - ɪ - naː
beruchte,bərˈɵxtə,bə - rɵx - tə
meldden,mˈɛldən,mɛl - dən
echter,ˈɛxtər,ɛx - tər
mis,mˈɪs,mɪs
nationaal,nˌaːʃoːnˈaːl,naː - ʃoː - naːl
bureaucratie,byrˈoːkraːtsˌi,by - roː - kraːt - si
tweede,tʋˈeːdə,tʋeː - də
deflatie,dɛflˈaːtsi,dɛ - flaːt - si
geringe,ɣərˈɪŋə,ɣə - rɪŋ - ə
japan,jˈaːpɑn,jaː - pɑn
fout,fˈʌʊt,fʌʊt
zachte,zˈɑxtə,zɑx - tə
stortte,stˈɔrtə,stɔr - tə
emmer,ˈɛmər,ɛ - mər
ploeg,plˈux,plux
plantjes,plˈɑntʲəs,plɑntʲ - əs
kwam,kʋˈɑm,kʋɑm
aarde,ˈaːrdə,aːr - də
vol,vˈɔl,vɔl
diadeem,dˌiaːdˈeːm,di - aː - deːm
bek,bˈɛk,bɛk
aanlopen,ˈaːnlˌoːpən,aːn - loː - pən
zakdoek,zɑɡdˈuk,zɑɡ - duk
stopte,stˈɔptə,stɔp - tə
ruches,rɵxˈɛs,rɵx - ɛs
natasja,nˌaːtˈɑʃaː,naː - tɑ - ʃaː
overtreders,ˌoːvərtrˈeːdərs,oː - vər - treː - dərs
rekenen,rˈeːkənən,reː - kə - nən
eerlijk,ˈɪːrlək,ɪːr - lək
broek,brˈuk,bruk
wet,ʋˈɛt,ʋɛt
proces,proːsˈɛs,proː - sɛs
onpartijdige,ɔnpɑrtˈɛɪdəɣə,ɔn - pɑr - tɛ - ɪ - də - ɣə
avondje,ˈaːvɔntjə,aː - vɔnt - jə
rechter,rˈɛxtər,rɛx - tər
kater,kˈaːtər,kaː - tər
stappen,stˈɑpən,stɑ - pən
alcohol,ˈɑlkoːhˌɔl,ɑl - koːh - ɔl
behoorlijke,bəhˈoːrləkə,bəh - oːr - lə - kə
student,stydˈɛnt,sty - dɛnt
rond,rˈɔnt,rɔnt
karige,kˈaːrəɣə,kaː - rə - ɣə
beurs,bˈøːrs,bøːrs
gulden,ɣˈɵldən,ɣɵl - dən
vierhonderd,vˈirhɔndərt,virh - ɔn - dərt
uitvallen,ˈœytvˌɑlən,œyt - vɑ - lən
elektriciteit,ˌeːlɛktrˌisitˈɛɪt,eː - lɛk - tri - si - tɛ - ɪt
verlichtte,vərlˈɪxtə,vər - lɪx - tə
kaarsen,kˈaːrsən,kaːr - sən
carolien,kˌaːroːlˈin,kaː - roː - lin
gasten,ɣˈɑstən,ɣɑ - stən
barones,baːrˈoːnəs,baː - roː - nəs
diner,dinˈeː,di - neː
lampionnen,lˈɑmpiˌɔnən,lɑm - pi - ɔ - nən
wijnen,ʋˈɛɪnən,ʋɛ - ɪ - nən
nodigde,nˈoːdɪɣdə,noː - dɪɣ - də
zaten,zˈaːtən,zaː - tən
slachtoffer,slˈɑxtɔfər,slɑx - tɔ - fər
moordenaar,mˈɔːrdənˌaːr,mɔːr - də - naːr
handen,hˈɑndən,hɑn - dən
druipende,drˈœypəndə,drœy - pən - də
beker,bˈeːkər,beː - kər
veegde,vˈeːɣdə,veːɣ - də
volleybalteam,vˈɔləˌibɑltˌiːm,vɔ - lə - i - bɑl - tiːm
bloed,blˈut,blut
twijgen,tʋˈɛɪɣən,tʋɛ - ɪ - ɣən
champagne,ʃɑmpˈɑɲə,ʃɑm - pɑɲ - ə
stokoude,stˈoːkʌʊdə,stoː - kʌʊ - də
vloer,vlˈur,vlur
balie,baːlˈi,baː - li
deftige,dˈɛftəɣə,dɛf - tə - ɣə
pakjes,pˈɑkjəs,pɑk - jəs
aangiftes,ˈaːnɣɪftˌɛs,aːn - ɣɪf - tɛs
kist,kˈɪst,kɪst
eikenhout,ˈɛɪkɛnhˌʌʊt,ɛ - ɪ - kɛnh - ʌʊt
toneelbouwers,tˈoːneːlbˌʌʊərs,toː - neːl - bʌʊ - ərs
zolder,zˈɔldər,zɔl - dər
tevreden,təvrˈeːdən,tə - vreː - dən
decor,dˈeːkɔr,deː - kɔr
bewaard,bəʋˈaːrt,bə - ʋaːrt
zestiende,zˈɛstində,zɛ - stin - də
brommer,brˈɔmər,brɔ - mər
snelweg,snˈɛlʋɛx,snɛl - ʋɛx
helm,hˈɛlm,hɛlm
stil,stˈɪl,stɪl
brandstof,brˈɑndstɔf,brɑnd - stɔf
tank,tˈɑŋk,tɑŋk
hadden,hˈɑdən,hɑ - dən
moeite,mˈujtə,muj - tə
tentje,tˈɛntʲə,tɛntʲ - ə
storm,stˈɔrm,stɔrm
opzetten,ˈɔpzɛtən,ɔp - zɛ - tən
geven,ɣˈeːvən,ɣeː - vən
rustige,rˈɵstəɣə,rɵ - stə - ɣə
les,lˈɛs,lɛs
klopte,klˈɔptə,klɔp - tə
tabak,tˈaːbɑk,taː - bɑk
klas,klˈɑs,klɑs
asbak,ˈɑzbɑk,ɑz - bɑk
vakkundige,vɑkˈɵndəɣə,vɑ - kɵn - də - ɣə
pijp,pˈɛɪp,pɛ - ɪp
wortels,ʋˈɔrtəls,ʋɔr - təls
kies,kˈis,kis
mocht,mˈɔxt,mɔxt
vliegreis,vlˈiɣrɛɪs,vli - ɣrɛ - ɪs
cockpit,kˈɔkpɪt,kɔk - pɪt
kijken,kˈɛɪkən,kɛ - ɪ - kən
nico,nˈikoː,ni - koː
mobiele,moːbˈilə,moː - bi - lə
iedere,ˈidərə,i - də - rə
overdracht,ˌoːvərdrˈɑxt,oː - vər - drɑxt
donderdag,dˈɔndərdˌɑx,dɔn - dər - dɑx
steeds,stˈeːts,steːts
bokser,bˈɔksər,bɔk - sər
lange,lˈɑŋə,lɑŋ - ə
ochtendmis,ˈɔxtəndmˌɪs,ɔx - tənd - mɪs
woog,ʋˈoːx,ʋoːx
negentig,nˈeːɣəntəx,neː - ɣən - təx
schoon,sxˈoːn,sxoːn
haak,hˈaːk,haːk
kilo,kˈiloː,ki - loː
beroving,bərˈoːvɪŋ,bə - roː - vɪŋ
vastgelegd,vˈɑstɣəlˌɛxt,vɑst - ɣə - lɛxt
brute,brˈytə,bry - tə
camera,kˈaːmərˌaː,kaː - mə - raː
ingang,ˈɪnɣˌɑŋ,ɪn - ɣɑŋ
boven,bˈoːvən,boː - vən
stationshal,stˈaːʃɔnshˌɑl,staː - ʃɔnsh - ɑl
midden,mˈɪdən,mɪ - dən
poster,pˈɔstər,pɔ - stər
winst,ʋˈɪnst,ʋɪnst
hangt,hˈɑŋt,hɑŋt
producten,prˈoːdɵktən,proː - dɵk - tən
zilveren,zˈɪlvərən,zɪl - və - rən
lijst,lˈɛɪst,lɛ - ɪst
tribune,trˈibynə,tri - by - nə
basketballers,bˈɑskɛtbˌɑlərs,bɑ - skɛt - bɑ - lərs
begeleid,bəɣəlˈɛɪt,bə - ɣə - lɛ - ɪt
coach,kˈoːtʃ,koːtʃ
rechte,rˈɛxtə,rɛx - tə
vader,vˈaːdər,vaː - dər
avondeten,ˌaːvɔndˈeːtən,aː - vɔn - deː - tən
waarzegster,ʋˈaːrzɛxstər,ʋaːr - zɛx - stər
atleet,ɑtlˈeːt,ɑt - leːt
bijgelovige,bˈɛɪɣəlˌoːvəɣə,bɛ - ɪ - ɣə - loː - və - ɣə
beschuldigd,bəsxˈɵldɪxt,bə - sxɵl - dɪxt
glazen,ɣlˈaːzən,ɣlaː - zən
bol,bˈɔl,bɔl
gebruik,ɣəbrˈœyk,ɣə - brœyk
doping,dˈoːpɪŋ,doː - pɪŋ
duitsland,dˈœytslɑnt,dœyt - slɑnt
vlak,vlˈɑk,vlɑk
schat,sxˈɑt,sxɑt
gehaald,ɣəhˈaːlt,ɣəh - aːlt
dader,dˈaːdər,daː - dər
zeebodem,zˈeːbˌoːdəm,zeː - boː - dəm
bewaart,bəʋˈaːrt,bə - ʋaːrt
goudvoorraad,ɣˌʌʊdvɔːɾrˈaːt,ɣʌʊd - vɔːɾ - raːt
kluis,klˈœys,klœys
grond,ɣrˈɔnt,ɣrɔnt
eet,ˈeːt,eːt
meestal,mˈeːstˌɑl,meː - stɑl
aanleiding,ˈaːnlˌɛɪdɪŋ,aːn - lɛ - ɪ - dɪŋ
gezin,ɣəzˈɪn,ɣə - zɪn
melding,mˈɛldɪŋ,mɛl - dɪŋ
anonieme,ˌaːnoːnˈimə,aː - noː - ni - mə
tip,tˈɪp,tɪp
fanatieke,fˌaːnaːtˈikə,faː - naː - ti - kə
bram,brˈɑm,brɑm
blunder,blˈɵndər,blɵn - dər
zakken,zˈɑkən,zɑ - kən
gistermiddag,ɣˈɪstərmˌɪdɑx,ɣɪ - stər - mɪ - dɑx
berisping,bərˈɪspɪŋ,bə - rɪ - spɪŋ
ivo,ˈivoː,i - voː
slechte,slˈɛxtə,slɛx - tə
baas,bˈaːs,baːs
ria,rˈiaː,ri - aː
advies,ɑdvˈis,ɑd - vis
avonduren,ˌaːvɔndˈyrən,aː - vɔn - dy - rən
tennissen,tˈɛnɪsən,tɛ - nɪ - sən
chique,ʃˈik,ʃik
zonnen,zˈɔnən,zɔ - nən
mooi,mˈoːj,moːj
goot,ɣˈoːt,ɣoːt
dineetje,dˈineːtʲə,di - neːtʲ - ə
kristal,krˈɪstɑl,krɪ - stɑl
karaf,kˈaːrɑf,kaː - rɑf
breken,brˈeːkən,breː - kən
inge,ˈɪŋə,ɪŋ - ə
berouw,bərˈʌʊ,bə - rʌʊ
toonden,tˈoːndən,toːn - dən
vaas,vˈaːs,vaːs
antieke,ɑntˈikə,ɑn - ti - kə
gewerkt,ɣəʋˈɛrkt,ɣə - ʋɛrkt
iemand,ˈimɑnt,i - mɑnt
voltallige,vɔltˈɑləɣə,vɔl - tɑ - lə - ɣə
eindhoven,ɛɪndhˈoːvən,ɛ - ɪndh - oː - vən
luuk,lˈyk,lyk
ontslagen,ɔntslˈaːɣən,ɔnt - slaː - ɣən
startte,stˈɑrtə,stɑr - tə
voorzitter,vˈɔːrzɪtər,vɔːr - zɪ - tər
wind,ʋˈɪnt,ʋɪnt
wegens,ʋˈeːɣəns,ʋeː - ɣəns
dorre,dˈɔɾrə,dɔɾ - rə
bladeren,blˈaːdərən,blaː - də - rən
wangedrag,ʋˈɑŋɣədrˌɑx,ʋɑŋ - ɣə - drɑx
arbeider,ˈɑrbɛɪdər,ɑr - bɛ - ɪ - dər
afgerond,ˈɑfɣərˌɔnt,ɑf - ɣə - rɔnt
inspanning,ˈɪnspˌɑnɪŋ,ɪn - spɑ - nɪŋ
bellen,bˈɛlən,bɛ - lən
taxi,tˈɑksi,tɑk - si
afloop,ˈɑflˌoːp,ɑ - floːp
zoekt,zˈukt,zukt
arrogante,ˌɑɾroːɣˈɑntə,ɑɾ - roː - ɣɑn - tə
werknemers,ʋˈɛrknˌeːmərs,ʋɛrk - neː - mərs
contact,kˈɔntɑkt,kɔn - tɑkt
verre,vˈɛrə,vɛ - rə
reizen,rˈɛɪzən,rɛ - ɪ - zən
vliegende,vlˈiɣəndə,vli - ɣən - də
wellicht,ʋˈɛlɪxt,ʋɛ - lɪxt
toespraak,tˈusprˌaːk,tu - spraːk
toenemend,tˈunˌeːmənt,tu - neː - mənt
schotel,sxˈoːtəl,sxoː - təl
commentaar,kɔmˈɛntaːr,kɔ - mɛn - taːr
vandalisme,vɑndaːlˈɪsmə,vɑn - daː - lɪ - smə
leveren,lˈeːvərən,leː - və - rən
spelend,spˈeːlənt,speː - lənt
studenten,stydˈɛntən,sty - dɛn - tən
liepen,lˈipən,li - pən
trommels,trˈɔməls,trɔ - məls
vrolijk,vrˈoːlək,vroː - lək
school,sxˈoːl,sxoːl
vertrokken,vərtrˈɔkən,vər - trɔ - kən
paarse,pˈaːrsə,paːr - sə
omdat,ˈɔmdɑt,ɔm - dɑt
zeer,zˈɪːr,zɪːr
pauze,pˈʌʊzə,pʌʊ - zə
soldaten,sɔldˈaːtən,sɔl - daː - tən
onbeleefd,ɔnbəlˈeːft,ɔn - bə - leːft
gebukt,ɣəbˈɵkt,ɣə - bɵkt
touwen,tˈʌʊən,tʌʊ - ən
scholieren,sxoːlˈirən,sxoː - li - rən
kantine,kɑntˈinə,kɑn - ti - nə
schooljaar,sxˈoːljaːr,sxoːl - jaːr
logeren,loːʒˈɪːrən,loː - ʒɪː - rən
dropje,drˈɔpjə,drɔp - jə
hand,hˈɑnt,hɑnt
zusjes,zˈɵsjəs,zɵs - jəs
lekkers,lˈɛkərs,lɛ - kərs
vrijstaande,vrˈɛɪstaːndə,vrɛ - ɪ - staːn - də
boerderij,bˌurdərˈɛɪ,bur - də - rɛ - ɪ
achtertuin,ˈɑxtərtˌœyn,ɑx - tər - tœyn
royale,rˈoːiˌaːlə,roː - i - aː - lə
wonen,ʋˈɔnən,ʋɔ - nən
kennissen,kˈɛnɪsən,kɛ - nɪ - sən
lekkages,lɛkˈaːʒəs,lɛ - kaː - ʒəs
schoonzus,sxˈoːnzɵs,sxoːn - zɵs
voornaamste,vˈɔːrnaːmstə,vɔːr - naːm - stə
loodgieter,loːdɣˈitər,loːd - ɣi - tər
verhelpen,vərhˈɛlpən,vərh - ɛl - pən
vrome,vrˈoːmə,vroː - mə
onderzoek,ˈɔndərzˌuk,ɔn - dər - zuk
kun,kˈɵn,kɵn
publicatie,pˌɵblikˈaːtsi,pɵ - bli - kaːt - si
raadplegen,raːdplˈeːɣən,raːd - pleː - ɣən
jungle,jˈɵŋlə,jɵŋ - lə
groep,ɣrˈup,ɣrup
reis,rˈɛɪs,rɛ - ɪs
moeders,mˈudərs,mu - dərs
hotel,hoːtˈɛl,hoː - tɛl
apen,ˈaːpən,aː - pən
beest,bˈeːst,beːst
zaal,zˈaːl,zaːl
vieren,vˈirən,vi - rən
overstuur,ˌoːvərstˈyr,oː - vər - styr
bereiken,bərˈɛɪkən,bə - rɛ - ɪ - kən
tocht,tˈɔxt,tɔxt
bergen,bˈɛrɣən,bɛr - ɣən
mede,mˈeːdə,meː - də
wandelaars,ʋˈɑndəlˌaːrs,ʋɑn - də - laːrs
camping,kˈɑmpɪŋ,kɑm - pɪŋ
uitstekende,ˈœytstˌeːkəndə,œyt - steː - kən - də
organisatie,ˌɔrɣaːnizˈaːtsi,ɔr - ɣaː - ni - zaːt - si
dankzij,dɑŋkzˈɛɪ,dɑŋk - zɛ - ɪ
arriveerde,ˌɑɾrivˈɪrdə,ɑɾ - ri - vɪr - də
schreeuwden,sxrˈeʊdən,sxreʊ - dən
dictator,dɪktˈaːtɔr,dɪk - taː - tɔr
elektronisch,ˌeːlɛktrˈoːnis,eː - lɛk - troː - nis
leuzen,lˈøːzən,løː - zən
drogist,droːɣˈɪst,droː - ɣɪst
klanten,klˈɑntən,klɑn - tən
blije,blˈɛɪə,blɛ - ɪ - ə
betalen,bətˈaːlən,bə - taː - lən
intens,ˈɪntəns,ɪn - təns
jongeren,jˈɔŋərən,jɔŋ - ə - rən
plezier,pleːzˈir,pleː - zir
woonplaats,ʋˈoːnplˌaːts,ʋoːn - plaːts
